FILE_NAME,GROUP_NAME,GOLD_TABNUMBER,EXTRACTED_TABNUMBER,RESULT,FIELD_NAME,CHILD_GOLD,CHILD_EXTRACTED
0025c002-4ec2-4c6a-ac40-b1cb4d14cb18_1526302796_1.html,group,0,,"FP,FN"
0025c002-4ec2-4c6a-ac40-b1cb4d14cb18_1526302796_1.html,group,,,,product,QUAM ACCUSANTIUM MINUS,
0025c002-4ec2-4c6a-ac40-b1cb4d14cb18_1526302796_1.html,group,,,,quantity,91936.00,210.00
0025c002-4ec2-4c6a-ac40-b1cb4d14cb18_1526302796_1.html,group,,0,FP
0025c002-4ec2-4c6a-ac40-b1cb4d14cb18_1526302796_1.html,group,,,,quantity,,1.00
0025c002-4ec2-4c6a-ac40-b1cb4d14cb18_1526302796_1.html,group,,1,FP
0025c002-4ec2-4c6a-ac40-b1cb4d14cb18_1526302796_1.html,group,,,,quantity,,1243384.00
389057_1526301926_0.html,group,,5,"FP,FN"
389057_1526301926_0.html,group,,,,product,CDW CUSTOM HW SRVR REQ4443 Manufacturer Part Number REQ4443,
389057_1526301926_0.html,group,,,,quantity,1.00,1.00
389057_1526301926_0.html,group,,,,price,0.00,0.00
389057_1526301926_0.html,group,,4,FP
389057_1526301926_0.html,group,,,,price,,482.04
389057_1526301926_0.html,group,,2,FP
389057_1526301926_0.html,group,,,,product,,HP ETHERNET 10GB 2P 560SFP ADAPTER Manufacturer Part Number 665249-B21 Serial No: MYI5410HLX
389057_1526301926_0.html,group,,,,price,,287.99
389057_1526301926_0.html,group,,0,FP
389057_1526301926_0.html,group,,,,quantity,,23575.00
389057_1526301926_0.html,group,,1,FP
389057_1526301926_0.html,group,,,,price,,12021.83
389057_1526301926_0.html,group,,3,FP
389057_1526301926_0.html,group,,,,price,,224.54
389842_advanced_1526302224_0.html,group,,1,TP
389842_advanced_1526302224_0.html,group,,,,product,Expedita dignissimos dignissimos modi. Expedita dignissimos dignissimos modi. Officiis earum quas repudiandae dolore modi accusamus.,Expedita dignissimos dignissimos modi. Expedita dignissimos dignissimos modi. Officiis earum quas repudiandae dolore modi accusamus.
389842_advanced_1526302224_0.html,group,,,,price,169.21,169.21
389842_advanced_1526302224_0.html,group,,0,FP
389842_advanced_1526302224_0.html,group,,,,product,,Vel nihil quidem aspernatur laborum. Vel nihil quidem aspernatur laborum. Quae ab sapiente sunt.
389842_advanced_1526302224_0.html,group,,,,price,,79.98
doc00123720180117122026.html,group,2,2,TP
doc00123720180117122026.html,group,,,,product,Enormous Wool Shirt,Enormous Wool Shirt
doc00123720180117122026.html,group,,,,quantity,59.00,59.00
doc00123720180117122026.html,group,,,,price,761.52,761.52
doc00123720180117122026.html,group,0,0,TP
doc00123720180117122026.html,group,,,,product,Intelligent Wooden Computer,Intelligent Wooden Computer
doc00123720180117122026.html,group,,,,quantity,15.00,15.00
doc00123720180117122026.html,group,,,,price,481.68,481.68
doc00123720180117122026.html,group,3,3,TP
doc00123720180117122026.html,group,,,,product,Heavy Duty Wool Bottle,Heavy Duty Wool Bottle
doc00123720180117122026.html,group,,,,quantity,39.00,39.00
doc00123720180117122026.html,group,,,,price,730.14,730.14
doc00123720180117122026.html,group,1,1,TP
doc00123720180117122026.html,group,,,,product,Intelligent Bronze Chair,Intelligent Bronze Chair
doc00123720180117122026.html,group,,,,quantity,39.00,39.00
doc00123720180117122026.html,group,,,,price,349.09,349.09
doc00124120180117122213.html,group,7,7,TP
doc00124120180117122213.html,group,,,,product,Durable Leather Plate,Durable Leather Plate
doc00124120180117122213.html,group,,,,quantity,35.00,35.00
doc00124120180117122213.html,group,,,,price,930.36,930.36
doc00124120180117122213.html,group,6,6,TP
doc00124120180117122213.html,group,,,,product,Ergonomic Linen Wallet,Ergonomic Linen Wallet
doc00124120180117122213.html,group,,,,quantity,49.00,49.00
doc00124120180117122213.html,group,,,,price,529.82,529.82
doc00124120180117122213.html,group,5,5,TP
doc00124120180117122213.html,group,,,,product,Heavy Duty Copper Shoes,Heavy Duty Copper Shoes
doc00124120180117122213.html,group,,,,quantity,82.00,82.00
doc00124120180117122213.html,group,,,,price,228.18,228.18
doc00124120180117122213.html,group,4,4,TP
doc00124120180117122213.html,group,,,,product,Ergonomic Wool Plate,Ergonomic Wool Plate
doc00124120180117122213.html,group,,,,quantity,76.00,76.00
doc00124120180117122213.html,group,,,,price,621.36,621.36
doc00124120180117122213.html,group,0,0,TP
doc00124120180117122213.html,group,,,,product,Synergistic Cotton Watch,Synergistic Cotton Watch
doc00124120180117122213.html,group,,,,quantity,83.00,83.00
doc00124120180117122213.html,group,,,,price,366.44,366.44
doc00124120180117122213.html,group,1,1,TP
doc00124120180117122213.html,group,,,,product,Enormous Marble Shirt,Enormous Marble Shirt
doc00124120180117122213.html,group,,,,quantity,71.00,71.00
doc00124120180117122213.html,group,,,,price,190.55,190.55
doc00124120180117122213.html,group,2,2,TP
doc00124120180117122213.html,group,,,,product,Gorgeous Iron Keyboard,Gorgeous Iron Keyboard
doc00124120180117122213.html,group,,,,quantity,12.00,12.00
doc00124120180117122213.html,group,,,,price,257.78,257.78
doc00124120180117122213.html,group,3,3,TP
doc00124120180117122213.html,group,,,,product,Aerodynamic Paper Lamp,Aerodynamic Paper Lamp
doc00124120180117122213.html,group,,,,quantity,42.00,42.00
doc00124120180117122213.html,group,,,,price,433.46,433.46
doc00124220180117122255.html,group,4,4,TP
doc00124220180117122255.html,group,,,,product,Aerodynamic Alumina Dlate,Aerodynamic Alumina Dlate
doc00124220180117122255.html,group,,,,quantity,75.00,75.00
doc00124220180117122255.html,group,,,,price,467.46,467.46
doc00124220180117122255.html,group,6,6,TP
doc00124220180117122255.html,group,,,,product,Practical Paper Car,Practical Paper Car
doc00124220180117122255.html,group,,,,quantity,17.00,17.00
doc00124220180117122255.html,group,,,,price,657.23,657.23
doc00124220180117122255.html,group,3,3,"FP,FN"
doc00124220180117122255.html,group,,,,product,Gorgeous rubber Lame,Gorgeous rubber Lame
doc00124220180117122255.html,group,,,,quantity,59.00,59.00
doc00124220180117122255.html,group,,,,price,393.92,59.00
doc00124220180117122255.html,group,8,8,"FP,FN"
doc00124220180117122255.html,group,,,,product,Gorgeous Granite Bag,Gorgeous Granite Bag
doc00124220180117122255.html,group,,,,quantity,54.00,54.00
doc00124220180117122255.html,group,,,,price,491.42,
doc00124220180117122255.html,group,2,2,"FP,FN"
doc00124220180117122255.html,group,,,,product,Gorgeous Linen Pants,Gorgeous _ ~en Pants
doc00124220180117122255.html,group,,,,quantity,89.00,59.00
doc00124220180117122255.html,group,,,,price,601.90,601.90
doc00124220180117122255.html,group,0,0,"FP,FN"
doc00124220180117122255.html,group,,,,product,Awesome Wooden Lamp,Awesome Wooden _amp
doc00124220180117122255.html,group,,,,quantity,57.00,
doc00124220180117122255.html,group,,,,price,216.69,2.90
doc00124220180117122255.html,group,7,7,TP
doc00124220180117122255.html,group,,,,product,Gorgeous Plastic F ate,Gorgeous Plastic F ate
doc00124220180117122255.html,group,,,,quantity,93.00,93.00
doc00124220180117122255.html,group,,,,price,415.38,415.38
doc00124220180117122255.html,group,5,5,"FP,FN"
doc00124220180117122255.html,group,,,,product,Gergeo-sAluminum lest,Gergeo-sAluminum lest
doc00124220180117122255.html,group,,,,quantity,16.00,16.00
doc00124220180117122255.html,group,,,,price,364.69,16.00
doc00124220180117122255.html,group,1,1,"FP,FN"
doc00124220180117122255.html,group,,,,product,Lightweight Iron Wallet,"Lightweight /c"" Wallet"
doc00124220180117122255.html,group,,,,quantity,60.00,
doc00124220180117122255.html,group,,,,price,189.54,5189.54
doc00124520180117122409.html,group,6,6,"FP,FN"
doc00124520180117122409.html,group,,,,product,Awesome Copper Pants,Awesome Copper Pants
doc00124520180117122409.html,group,,,,quantity,45.00,/
doc00124520180117122409.html,group,,,,price,595.52,595.52
doc00124520180117122409.html,group,4,4,TP
doc00124520180117122409.html,group,,,,product,Awesome Cotton Bottle,Awesome Cotton Bottle
doc00124520180117122409.html,group,,,,quantity,73.00,73.00
doc00124520180117122409.html,group,,,,price,178.14,178.14
doc00124520180117122409.html,group,2,2,TP
doc00124520180117122409.html,group,,,,product,Fantastic Rubber Clock,Fantastic Rubber Clock
doc00124520180117122409.html,group,,,,quantity,51.00,51.00
doc00124520180117122409.html,group,,,,price,36.78,36.78
doc00124520180117122409.html,group,0,0,TP
doc00124520180117122409.html,group,,,,product,Lightweight Steel Bench,Lightweight Steel Bench
doc00124520180117122409.html,group,,,,quantity,58.00,58.00
doc00124520180117122409.html,group,,,,price,915.87,915.87
doc00124520180117122409.html,group,1,1,TP
doc00124520180117122409.html,group,,,,product,Aerodynamic Bronze Plate,Aerodynamic Bronze Plate
doc00124520180117122409.html,group,,,,quantity,50.00,50.00
doc00124520180117122409.html,group,,,,price,535.91,535.91
doc00124520180117122409.html,group,8,8,TP
doc00124520180117122409.html,group,,,,product,Heavy Duty Paper Coat,Heavy Duty Paper Coat
doc00124520180117122409.html,group,,,,quantity,53.00,53.00
doc00124520180117122409.html,group,,,,price,81.38,81.38
doc00124520180117122409.html,group,5,5,"FP,FN"
doc00124520180117122409.html,group,,,,product,Mediocre Iron Gloves,Mediocre Iron Gloves
doc00124520180117122409.html,group,,,,quantity,25.00,/
doc00124520180117122409.html,group,,,,price,678.43,678.43
doc00124520180117122409.html,group,7,7,TP
doc00124520180117122409.html,group,,,,product,Durable Cotton Keyboard,Durable Cotton Keyboard
doc00124520180117122409.html,group,,,,quantity,42.00,42.00
doc00124520180117122409.html,group,,,,price,507.03,507.03
doc00124520180117122409.html,group,3,3,TP
doc00124520180117122409.html,group,,,,product,Ergonomic Granite Chair,Ergonomic Granite Chair
doc00124520180117122409.html,group,,,,quantity,18.00,18.00
doc00124520180117122409.html,group,,,,price,147.71,147.71
doc00126520180117123421.html,group,3,3,TP
doc00126520180117123421.html,group,,,,product,Small Paper Shoes,Small Paper Shoes
doc00126520180117123421.html,group,,,,quantity,44.00,44.00
doc00126520180117123421.html,group,,,,price,99.41,99.41
doc00126520180117123421.html,group,7,7,"FP,FN"
doc00126520180117123421.html,group,,,,product,Gorgeous Iron Pants,Gorgeous Iron Pants
doc00126520180117123421.html,group,,,,quantity,86.00,86.00
doc00126520180117123421.html,group,,,,price,776.26,76.26
doc00126520180117123421.html,group,5,5,TP
doc00126520180117123421.html,group,,,,product,Fantastic Marble Gloves,Fantastic Marble Gloves
doc00126520180117123421.html,group,,,,quantity,91.00,91.00
doc00126520180117123421.html,group,,,,price,193.30,193.30
doc00126520180117123421.html,group,1,1,"FP,FN"
doc00126520180117123421.html,group,,,,product,Gorgeous Copper Table,Gorgeous Copper Tab’e
doc00126520180117123421.html,group,,,,quantity,76.00,76.00
doc00126520180117123421.html,group,,,,price,630.00,630.00
doc00126520180117123421.html,group,2,2,TP
doc00126520180117123421.html,group,,,,product,Durable Linen Lamp,Durable Linen Lamp
doc00126520180117123421.html,group,,,,quantity,90.00,90.00
doc00126520180117123421.html,group,,,,price,611291.00,611291.00
doc00126520180117123421.html,group,0,0,"FP,FN"
doc00126520180117123421.html,group,,,,product,Sleek Linen Keyboard,S eek Linen Kevbeard
doc00126520180117123421.html,group,,,,quantity,11.00,11.00
doc00126520180117123421.html,group,,,,price,21.34,21.34
doc00126520180117123421.html,group,4,4,TP
doc00126520180117123421.html,group,,,,product,Durable Marble Table,Durable Marble Table
doc00126520180117123421.html,group,,,,quantity,16.00,16.00
doc00126520180117123421.html,group,,,,price,862.61,862.61
doc00126520180117123421.html,group,6,6,TP
doc00126520180117123421.html,group,,,,product,Synergistic Rubber Computer,Synergistic Rubber Computer
doc00126520180117123421.html,group,,,,quantity,5.00,5.00
doc00126520180117123421.html,group,,,,price,524.74,524.74
doc00128620180117124239.html,group,1,1,TP
doc00128620180117124239.html,group,,,,product,Ergonomic Concrete Bag,Ergonomic Concrete Bag
doc00128620180117124239.html,group,,,,quantity,38.00,38.00
doc00128620180117124239.html,group,,,,price,423.83,423.83
doc00128620180117124239.html,group,0,0,TP
doc00128620180117124239.html,group,,,,product,Rustic Granite Wallet,Rustic Granite Wallet
doc00128620180117124239.html,group,,,,quantity,39.00,39.00
doc00128620180117124239.html,group,,,,price,606.17,606.17
doc00128620180117124239.html,group,3,3,TP
doc00128620180117124239.html,group,,,,product,Awesome Cotton Shirt,Awesome Cotton Shirt
doc00128620180117124239.html,group,,,,quantity,80.00,80.00
doc00128620180117124239.html,group,,,,price,277.33,277.33
doc00128620180117124239.html,group,2,2,TP
doc00128620180117124239.html,group,,,,product,Rustic Bronze Bench,Rustic Bronze Bench
doc00128620180117124239.html,group,,,,quantity,31.00,31.00
doc00128620180117124239.html,group,,,,price,854.99,854.99
doc00130020180117124820.html,group,3,3,"FP,FN"
doc00130020180117124820.html,group,,,,product,Fantastic Rubber Plate,
doc00130020180117124820.html,group,,,,quantity,77.00,
doc00130020180117124820.html,group,,,,price,152.20,152.20
doc00130020180117124820.html,group,4,4,"FP,FN"
doc00130020180117124820.html,group,,,,product,Sleek Concrete Chair,
doc00130020180117124820.html,group,,,,quantity,72.00,72.00
doc00130020180117124820.html,group,,,,price,692.83,692.83
doc00130020180117124820.html,group,1,1,"FP,FN"
doc00130020180117124820.html,group,,,,product,Small Marble Plate,
doc00130020180117124820.html,group,,,,quantity,86.00,
doc00130020180117124820.html,group,,,,price,210.27,210.27
doc00130020180117124820.html,group,2,2,"FP,FN"
doc00130020180117124820.html,group,,,,product,Durable Copper Wallet,
doc00130020180117124820.html,group,,,,quantity,74.00,74.00
doc00130020180117124820.html,group,,,,price,816.10,816.10
doc00130020180117124820.html,group,0,0,"FP,FN"
doc00130020180117124820.html,group,,,,product,Gorgeous Silk Computer,"Gorgeous Silkf ,nputer"
doc00130020180117124820.html,group,,,,quantity,99.00,99.00
doc00130020180117124820.html,group,,,,price,814.26,814.26
doc00131320180117125408.html,group,1,1,TP
doc00131320180117125408.html,group,,,,product,Awesome iron Coat,Awesome iron Coat
doc00131320180117125408.html,group,,,,quantity,40.00,40.00
doc00131320180117125408.html,group,,,,price,316.53,316.53
doc00131320180117125408.html,group,3,3,"FP,FN"
doc00131320180117125408.html,group,,,,product,Rustic Rubber Computer,„Rustic Pofcoer Computer
doc00131320180117125408.html,group,,,,quantity,6.00,6.00
doc00131320180117125408.html,group,,,,price,644.11,644.11
doc00131320180117125408.html,group,5,5,"FP,FN"
doc00131320180117125408.html,group,,,,product,Heavy Duty Leather Watch,Hea.n Dut. _eather Watch
doc00131320180117125408.html,group,,,,quantity,74.00,
doc00131320180117125408.html,group,,,,price,440.65,74.00
doc00131320180117125408.html,group,4,4,"FP,FN"
doc00131320180117125408.html,group,,,,product,Intelligent Leather Hat,Inte gent i_eather Hat
doc00131320180117125408.html,group,,,,quantity,182.00,182.00
doc00131320180117125408.html,group,,,,price,204.30,204.30
doc00131320180117125408.html,group,0,0,TP
doc00131320180117125408.html,group,,,,product,Awesome Steel Shoes,Awesome Steel Shoes
doc00131320180117125408.html,group,,,,quantity,18.00,18.00
doc00131320180117125408.html,group,,,,price,264.23,264.23
doc00131320180117125408.html,group,2,2,"FP,FN"
doc00131320180117125408.html,group,,,,product,Intelligent Cotton Plate,Xntellige''t Cotton Plate
doc00131320180117125408.html,group,,,,quantity,60.00,60.00
doc00131320180117125408.html,group,,,,price,882.09,882.09
doc00132820180117125933.html,group,3,3,TP
doc00132820180117125933.html,group,,,,product,Synergistic Granite Coat,Synergistic Granite Coat
doc00132820180117125933.html,group,,,,quantity,67.00,67.00
doc00132820180117125933.html,group,,,,price,457.08,457.08
doc00132820180117125933.html,group,5,5,"FP,FN"
doc00132820180117125933.html,group,,,,product,Fantastic Steel Car,Fantastic Steel Car
doc00132820180117125933.html,group,,,,quantity,17.00,17.00
doc00132820180117125933.html,group,,,,price,0.56,56.00
doc00132820180117125933.html,group,6,6,TP
doc00132820180117125933.html,group,,,,product,Intelligent Steel Bench,Intelligent Steel Bench
doc00132820180117125933.html,group,,,,price,577.04,577.04
doc00132820180117125933.html,group,1,1,TP
doc00132820180117125933.html,group,,,,product,Aerodynamic Aluminum Car,Aerodynamic Aluminum Car
doc00132820180117125933.html,group,,,,quantity,19.00,19.00
doc00132820180117125933.html,group,,,,price,135.40,135.40
doc00132820180117125933.html,group,4,4,TP
doc00132820180117125933.html,group,,,,product,Ergonomic Cotton Clock,Ergonomic Cotton Clock
doc00132820180117125933.html,group,,,,quantity,47.00,47.00
doc00132820180117125933.html,group,,,,price,967.47,967.47
doc00132820180117125933.html,group,2,2,TP
doc00132820180117125933.html,group,,,,product,Rustic Copper Car,Rustic Copper Car
doc00132820180117125933.html,group,,,,quantity,21.00,21.00
doc00132820180117125933.html,group,,,,price,757.23,757.23
doc00132820180117125933.html,group,0,0,TP
doc00132820180117125933.html,group,,,,product,Durable Silk Table,Durable Silk Table
doc00132820180117125933.html,group,,,,quantity,51.00,51.00
doc00132820180117125933.html,group,,,,price,211.65,211.65
doc00145820180117152240.html,group,3,3,TP
doc00145820180117152240.html,group,,,,product,Customer Support,Customer Support
doc00145820180117152240.html,group,,,,quantity,17.00,17.00
doc00145820180117152240.html,group,,,,price,20.00,20.00
doc00145820180117152240.html,group,2,2,TP
doc00145820180117152240.html,group,,,,product,Pilot Development,Pilot Development
doc00145820180117152240.html,group,,,,quantity,93.00,93.00
doc00145820180117152240.html,group,,,,price,150.00,150.00
doc00145820180117152240.html,group,0,0,TP
doc00145820180117152240.html,group,,,,product,Social MediaMarketing,Social MediaMarketing
doc00145820180117152240.html,group,,,,quantity,14.00,14.00
doc00145820180117152240.html,group,,,,price,1.00,1.00
doc00145820180117152240.html,group,1,1,TP
doc00145820180117152240.html,group,,,,product,Development,Development
doc00145820180117152240.html,group,,,,quantity,93.00,93.00
doc00145820180117152240.html,group,,,,price,60.00,60.00
doc00146420180117152505.html,group,0,0,TP
doc00146420180117152505.html,group,,,,product,Social MediaMarketing,Social MediaMarketing
doc00146420180117152505.html,group,,,,quantity,90.00,90.00
doc00146420180117152505.html,group,,,,price,1.00,1.00
doc00146420180117152505.html,group,1,1,"FP,FN"
doc00146420180117152505.html,group,,,,product,Development,
doc00146420180117152505.html,group,,,,quantity,83.00,83.00
doc00146420180117152505.html,group,,,,price,60.00,60.00
doc00146420180117152505.html,group,5,5,"FP,FN"
doc00146420180117152505.html,group,,,,product,Proof of Concept,
doc00146420180117152505.html,group,,,,quantity,50.00,50.00
doc00146420180117152505.html,group,,,,price,60.00,60.00
doc00146420180117152505.html,group,4,4,"FP,FN"
doc00146420180117152505.html,group,,,,product,Video Marketing,
doc00146420180117152505.html,group,,,,quantity,71.00,71.00
doc00146420180117152505.html,group,,,,price,5.00,5.00
doc00146420180117152505.html,group,2,2,TP
doc00146420180117152505.html,group,,,,product,Pilot Development,Pilot Development
doc00146420180117152505.html,group,,,,quantity,59.00,59.00
doc00146420180117152505.html,group,,,,price,150.00,150.00
doc00146420180117152505.html,group,3,3,TP
doc00146420180117152505.html,group,,,,product,Customer Support,Customer Support
doc00146420180117152505.html,group,,,,quantity,32.00,32.00
doc00146420180117152505.html,group,,,,price,20.00,20.00
doc00148920180117153347.html,group,0,1,"FP,FN"
doc00148920180117153347.html,group,,,,product,Marketing,Detailed Architectural Design
doc00148920180117153347.html,group,,,,quantity,94.00,
doc00148920180117153347.html,group,1,0,"FP,FN"
doc00148920180117153347.html,group,,,,product,Development,Developing a Content Management System- based Website
doc00148920180117153347.html,group,,,,quantity,9.00,
doc00148920180117153347.html,group,2,,FN
doc00148920180117153347.html,group,,,,product,Pilot Development,
doc00148920180117153347.html,group,,,,quantity,38.00,
doc00149120180117153429.html,group,1,1,TP
doc00149120180117153429.html,group,,,,product,Development,Development
doc00149120180117153429.html,group,,,,quantity,39.00,39.00
doc00149120180117153429.html,group,,,,price,60.00,60.00
doc00149120180117153429.html,group,0,0,TP
doc00149120180117153429.html,group,,,,product,Social MediaMarketing,Social MediaMarketing
doc00149120180117153429.html,group,,,,quantity,84.00,84.00
doc00149120180117153429.html,group,,,,price,1.00,1.00
doc00149120180117153429.html,group,2,2,TP
doc00149120180117153429.html,group,,,,product,Pilot D^y ^'vrrjopt,Pilot D^y ^'vrrjopt
doc00149120180117153429.html,group,,,,quantity,57.00,57.00
doc00149120180117153429.html,group,,,,price,150.00,150.00
doc00149120180117153429.html,group,3,3,TP
doc00149120180117153429.html,group,,,,product,Customer Support,Customer Support
doc00149120180117153429.html,group,,,,quantity,45.00,45.00
doc00149120180117153429.html,group,,,,price,20.00,20.00
invoice0.html,group,1,1,TP
invoice0.html,group,,,,product,Enormous Cotton Computer,Enormous Cotton Computer
invoice0.html,group,,,,quantity,7.00,7.00
invoice0.html,group,,,,price,323.89,323.89
invoice0.html,group,3,3,TP
invoice0.html,group,,,,product,Lightweight Linen Lamp,Lightweight Linen Lamp
invoice0.html,group,,,,quantity,18.00,18.00
invoice0.html,group,,,,price,400.41,400.41
invoice0.html,group,2,2,TP
invoice0.html,group,,,,product,Sleek Copper Computer,Sleek Copper Computer
invoice0.html,group,,,,quantity,4.00,4.00
invoice0.html,group,,,,price,373.49,373.49
invoice0.html,group,0,0,TP
invoice0.html,group,,,,product,Sleek Leather Chair,Sleek Leather Chair
invoice0.html,group,,,,quantity,52.00,52.00
invoice0.html,group,,,,price,27.91,27.91
invoice0.html,group,4,4,TP
invoice0.html,group,,,,product,Awesome Cotton Plate,Awesome Cotton Plate
invoice0.html,group,,,,quantity,8.00,8.00
invoice0.html,group,,,,price,457.55,457.55
invoice106.html,group,5,5,TP
invoice106.html,group,,,,product,Rustic Silk Computer,Rustic Silk Computer
invoice106.html,group,,,,quantity,42.00,42.00
invoice106.html,group,,,,price,153.65,153.65
invoice106.html,group,1,1,TP
invoice106.html,group,,,,product,Fantastic Leather Shirt,Fantastic Leather Shirt
invoice106.html,group,,,,quantity,24.00,24.00
invoice106.html,group,,,,price,25.08,25.08
invoice106.html,group,0,0,TP
invoice106.html,group,,,,product,Incredible Copper Pants,Incredible Copper Pants
invoice106.html,group,,,,quantity,5.00,5.00
invoice106.html,group,,,,price,269.70,269.70
invoice106.html,group,4,4,TP
invoice106.html,group,,,,product,Incredible Marble Bag,Incredible Marble Bag
invoice106.html,group,,,,quantity,53.00,53.00
invoice106.html,group,,,,price,112.29,112.29
invoice106.html,group,7,7,TP
invoice106.html,group,,,,product,Mediocre Rubber Hat,Mediocre Rubber Hat
invoice106.html,group,,,,quantity,51.00,51.00
invoice106.html,group,,,,price,381.59,381.59
invoice106.html,group,3,3,TP
invoice106.html,group,,,,product,Ergonomic Granite Gloves,Ergonomic Granite Gloves
invoice106.html,group,,,,quantity,44.00,44.00
invoice106.html,group,,,,price,348.03,348.03
invoice106.html,group,6,6,TP
invoice106.html,group,,,,product,Enormous Concrete Watch,Enormous Concrete Watch
invoice106.html,group,,,,quantity,37.00,37.00
invoice106.html,group,,,,price,435.70,435.70
invoice106.html,group,2,2,TP
invoice106.html,group,,,,product,Ergonomic Iron Keyboard,Ergonomic Iron Keyboard
invoice106.html,group,,,,quantity,54.00,54.00
invoice106.html,group,,,,price,480.17,480.17
invoice108.html,group,2,2,TP
invoice108.html,group,,,,product,Synergistic Silk Bottle,Synergistic Silk Bottle
invoice108.html,group,,,,quantity,2.00,2.00
invoice108.html,group,,,,price,412.94,412.94
invoice108.html,group,4,4,TP
invoice108.html,group,,,,product,Gorgeous Plastic Shoes,Gorgeous Plastic Shoes
invoice108.html,group,,,,quantity,18.00,18.00
invoice108.html,group,,,,price,365.14,365.14
invoice108.html,group,0,0,TP
invoice108.html,group,,,,product,Gorgeous Copper Bottle,Gorgeous Copper Bottle
invoice108.html,group,,,,quantity,3.00,3.00
invoice108.html,group,,,,price,280.02,280.02
invoice108.html,group,1,1,TP
invoice108.html,group,,,,product,Practical Leather Bench,Practical Leather Bench
invoice108.html,group,,,,quantity,47.00,47.00
invoice108.html,group,,,,price,179.47,179.47
invoice108.html,group,3,3,TP
invoice108.html,group,,,,product,Lightweight Granite Keyboard,Lightweight Granite Keyboard
invoice108.html,group,,,,quantity,5.00,5.00
invoice108.html,group,,,,price,60.13,60.13
invoice108.html,group,5,5,TP
invoice108.html,group,,,,product,Awesome Marble Hat,Awesome Marble Hat
invoice108.html,group,,,,quantity,7.00,7.00
invoice108.html,group,,,,price,174.39,174.39
invoice113.html,group,2,2,TP
invoice113.html,group,,,,product,Small Rubber Knife,Small Rubber Knife
invoice113.html,group,,,,quantity,27.00,27.00
invoice113.html,group,,,,price,164.36,164.36
invoice113.html,group,3,3,TP
invoice113.html,group,,,,product,Heavy Duty Copper Table,Heavy Duty Copper Table
invoice113.html,group,,,,quantity,11.00,11.00
invoice113.html,group,,,,price,186.74,186.74
invoice113.html,group,4,4,TP
invoice113.html,group,,,,product,Awesome Paper Shirt,Awesome Paper Shirt
invoice113.html,group,,,,quantity,41.00,41.00
invoice113.html,group,,,,price,89.47,89.47
invoice113.html,group,0,0,TP
invoice113.html,group,,,,product,Enormous Rubber Car,Enormous Rubber Car
invoice113.html,group,,,,quantity,42.00,42.00
invoice113.html,group,,,,price,150.81,150.81
invoice113.html,group,1,1,TP
invoice113.html,group,,,,product,Mediocre Concrete Coat,Mediocre Concrete Coat
invoice113.html,group,,,,quantity,33.00,33.00
invoice113.html,group,,,,price,214.17,214.17
invoice116.html,group,0,0,TP
invoice116.html,group,,,,product,Aerodynamic Leather Computer,Aerodynamic Leather Computer
invoice116.html,group,,,,quantity,23.00,23.00
invoice116.html,group,,,,price,269.72,269.72
invoice116.html,group,1,1,TP
invoice116.html,group,,,,product,Intelligent Marble Car,Intelligent Marble Car
invoice116.html,group,,,,quantity,25.00,25.00
invoice116.html,group,,,,price,185.99,185.99
invoice118.html,group,5,5,TP
invoice118.html,group,,,,product,Awesome Aluminum Clock,Awesome Aluminum Clock
invoice118.html,group,,,,quantity,34.00,34.00
invoice118.html,group,,,,price,91.65,91.65
invoice118.html,group,7,7,TP
invoice118.html,group,,,,product,Aerodynamic Marble Lamp,Aerodynamic Marble Lamp
invoice118.html,group,,,,quantity,52.00,52.00
invoice118.html,group,,,,price,278.27,278.27
invoice118.html,group,1,1,TP
invoice118.html,group,,,,product,Mediocre Copper Wallet,Mediocre Copper Wallet
invoice118.html,group,,,,quantity,26.00,26.00
invoice118.html,group,,,,price,496.33,496.33
invoice118.html,group,4,4,TP
invoice118.html,group,,,,product,Synergistic Leather Table,Synergistic Leather Table
invoice118.html,group,,,,quantity,13.00,13.00
invoice118.html,group,,,,price,285.41,285.41
invoice118.html,group,6,6,TP
invoice118.html,group,,,,product,Practical Steel Table,Practical Steel Table
invoice118.html,group,,,,quantity,38.00,38.00
invoice118.html,group,,,,price,249.18,249.18
invoice118.html,group,0,0,TP
invoice118.html,group,,,,product,Ergonomic Wool Wallet,Ergonomic Wool Wallet
invoice118.html,group,,,,quantity,46.00,46.00
invoice118.html,group,,,,price,494.91,494.91
invoice118.html,group,2,2,TP
invoice118.html,group,,,,product,Awesome Silk Pants,Awesome Silk Pants
invoice118.html,group,,,,quantity,29.00,29.00
invoice118.html,group,,,,price,194.86,194.86
invoice118.html,group,3,3,TP
invoice118.html,group,,,,product,Mediocre Silk Knife,Mediocre Silk Knife
invoice118.html,group,,,,quantity,24.00,24.00
invoice118.html,group,,,,price,162.85,162.85
invoice122.html,group,1,1,TP
invoice122.html,group,,,,product,Small Cotton Computer,Small Cotton Computer
invoice122.html,group,,,,quantity,1.00,1.00
invoice122.html,group,,,,price,422.76,422.76
invoice122.html,group,2,2,TP
invoice122.html,group,,,,product,Intelligent Steel Keyboard,Intelligent Steel Keyboard
invoice122.html,group,,,,quantity,19.00,19.00
invoice122.html,group,,,,price,465.28,465.28
invoice122.html,group,0,0,TP
invoice122.html,group,,,,product,Mediocre Concrete Hat,Mediocre Concrete Hat
invoice122.html,group,,,,quantity,3.00,3.00
invoice122.html,group,,,,price,340.92,340.92
invoice124.html,group,0,0,TP
invoice124.html,group,,,,product,Heavy Duty Linen Car,Heavy Duty Linen Car
invoice124.html,group,,,,quantity,29.00,29.00
invoice124.html,group,,,,price,203.50,203.50
invoice124.html,group,1,1,TP
invoice124.html,group,,,,product,Intelligent Wooden Plate,Intelligent Wooden Plate
invoice124.html,group,,,,quantity,51.00,51.00
invoice124.html,group,,,,price,19.87,19.87
invoice124.html,group,2,2,TP
invoice124.html,group,,,,product,Rustic Paper Gloves,Rustic Paper Gloves
invoice124.html,group,,,,quantity,42.00,42.00
invoice124.html,group,,,,price,426.95,426.95
invoice126.html,group,2,2,TP
invoice126.html,group,,,,product,Heavy Duty Plastic Car,Heavy Duty Plastic Car
invoice126.html,group,,,,quantity,27.00,27.00
invoice126.html,group,,,,price,133.95,133.95
invoice126.html,group,0,0,TP
invoice126.html,group,,,,product,Intelligent Rubber Chair,Intelligent Rubber Chair
invoice126.html,group,,,,quantity,40.00,40.00
invoice126.html,group,,,,price,267.42,267.42
invoice126.html,group,1,1,TP
invoice126.html,group,,,,product,Aerodynamic Leather Shirt,Aerodynamic Leather Shirt
invoice126.html,group,,,,quantity,22.00,22.00
invoice126.html,group,,,,price,190.46,190.46
invoice126.html,group,3,3,TP
invoice126.html,group,,,,product,Ergonomic Bronze Shoes,Ergonomic Bronze Shoes
invoice126.html,group,,,,quantity,32.00,32.00
invoice126.html,group,,,,price,285.69,285.69
invoice126.html,group,4,4,TP
invoice126.html,group,,,,product,Mediocre Wool Clock,Mediocre Wool Clock
invoice126.html,group,,,,quantity,21.00,21.00
invoice126.html,group,,,,price,18.76,18.76
invoice128.html,group,5,5,TP
invoice128.html,group,,,,product,Intelligent Linen Pants,Intelligent Linen Pants
invoice128.html,group,,,,quantity,29.00,29.00
invoice128.html,group,,,,price,300.97,300.97
invoice128.html,group,2,2,TP
invoice128.html,group,,,,product,Heavy Duty Aluminum Plate,Heavy Duty Aluminum Plate
invoice128.html,group,,,,quantity,32.00,32.00
invoice128.html,group,,,,price,50.93,50.93
invoice128.html,group,7,7,TP
invoice128.html,group,,,,product,Ergonomic Bronze Knife,Ergonomic Bronze Knife
invoice128.html,group,,,,quantity,49.00,49.00
invoice128.html,group,,,,price,97.71,97.71
invoice128.html,group,3,3,TP
invoice128.html,group,,,,product,Ergonomic Rubber Lamp,Ergonomic Rubber Lamp
invoice128.html,group,,,,quantity,12.00,12.00
invoice128.html,group,,,,price,224.65,224.65
invoice128.html,group,4,4,TP
invoice128.html,group,,,,product,Gorgeous Rubber Keyboard,Gorgeous Rubber Keyboard
invoice128.html,group,,,,quantity,24.00,24.00
invoice128.html,group,,,,price,138.06,138.06
invoice128.html,group,0,0,TP
invoice128.html,group,,,,product,Lightweight Marble Gloves,Lightweight Marble Gloves
invoice128.html,group,,,,quantity,8.00,8.00
invoice128.html,group,,,,price,257.42,257.42
invoice128.html,group,6,6,TP
invoice128.html,group,,,,product,Synergistic Bronze Gloves,Synergistic Bronze Gloves
invoice128.html,group,,,,quantity,48.00,48.00
invoice128.html,group,,,,price,139.74,139.74
invoice128.html,group,1,1,TP
invoice128.html,group,,,,product,Incredible Marble Hat,Incredible Marble Hat
invoice128.html,group,,,,quantity,11.00,11.00
invoice128.html,group,,,,price,220.51,220.51
invoice129.html,group,2,2,TP
invoice129.html,group,,,,product,Incredible Paper Keyboard,Incredible Paper Keyboard
invoice129.html,group,,,,quantity,25.00,25.00
invoice129.html,group,,,,price,126.02,126.02
invoice129.html,group,1,1,TP
invoice129.html,group,,,,product,Aerodynamic Concrete Keyboard,Aerodynamic Concrete Keyboard
invoice129.html,group,,,,quantity,48.00,48.00
invoice129.html,group,,,,price,369.44,369.44
invoice129.html,group,0,0,TP
invoice129.html,group,,,,product,Synergistic Silk Bench,Synergistic Silk Bench
invoice129.html,group,,,,quantity,47.00,47.00
invoice129.html,group,,,,price,201.16,201.16
invoice135.html,group,0,0,TP
invoice135.html,group,,,,product,Small Silk Shoes,Small Silk Shoes
invoice135.html,group,,,,quantity,13.00,13.00
invoice135.html,group,,,,price,426.72,426.72
invoice135.html,group,4,4,TP
invoice135.html,group,,,,product,Aerodynamic Granite Bottle,Aerodynamic Granite Bottle
invoice135.html,group,,,,quantity,38.00,38.00
invoice135.html,group,,,,price,474.06,474.06
invoice135.html,group,5,5,TP
invoice135.html,group,,,,product,Lightweight Plastic Wallet,Lightweight Plastic Wallet
invoice135.html,group,,,,quantity,4.00,4.00
invoice135.html,group,,,,price,494.67,494.67
invoice135.html,group,2,2,TP
invoice135.html,group,,,,product,Heavy Duty Wooden Shoes,Heavy Duty Wooden Shoes
invoice135.html,group,,,,quantity,8.00,8.00
invoice135.html,group,,,,price,174.82,174.82
invoice135.html,group,6,6,TP
invoice135.html,group,,,,product,Mediocre Plastic Coat,Mediocre Plastic Coat
invoice135.html,group,,,,quantity,8.00,8.00
invoice135.html,group,,,,price,20.08,20.08
invoice135.html,group,3,3,TP
invoice135.html,group,,,,product,Synergistic Bronze Computer,Synergistic Bronze Computer
invoice135.html,group,,,,quantity,14.00,14.00
invoice135.html,group,,,,price,31.78,31.78
invoice135.html,group,7,7,TP
invoice135.html,group,,,,product,Durable Steel Bag,Durable Steel Bag
invoice135.html,group,,,,quantity,29.00,29.00
invoice135.html,group,,,,price,61.39,61.39
invoice135.html,group,1,1,TP
invoice135.html,group,,,,product,Awesome Granite Keyboard,Awesome Granite Keyboard
invoice135.html,group,,,,quantity,33.00,33.00
invoice135.html,group,,,,price,165.75,165.75
invoice138.html,group,2,2,TP
invoice138.html,group,,,,product,Lightweight Leather Pants,Lightweight Leather Pants
invoice138.html,group,,,,quantity,30.00,30.00
invoice138.html,group,,,,price,489.14,489.14
invoice138.html,group,3,3,TP
invoice138.html,group,,,,product,Heavy Duty Wool Hat,Heavy Duty Wool Hat
invoice138.html,group,,,,quantity,32.00,32.00
invoice138.html,group,,,,price,386.72,386.72
invoice138.html,group,1,1,TP
invoice138.html,group,,,,product,Durable Copper Chair,Durable Copper Chair
invoice138.html,group,,,,quantity,25.00,25.00
invoice138.html,group,,,,price,333.82,333.82
invoice138.html,group,4,4,TP
invoice138.html,group,,,,product,Intelligent Rubber Coat,Intelligent Rubber Coat
invoice138.html,group,,,,quantity,12.00,12.00
invoice138.html,group,,,,price,246.09,246.09
invoice138.html,group,0,0,TP
invoice138.html,group,,,,product,Sleek Wooden Lamp,Sleek Wooden Lamp
invoice138.html,group,,,,quantity,39.00,39.00
invoice138.html,group,,,,price,118.14,118.14
invoice14.html,group,0,0,TP
invoice14.html,group,,,,product,Small Copper Gloves,Small Copper Gloves
invoice14.html,group,,,,quantity,15.00,15.00
invoice14.html,group,,,,price,41.70,41.70
invoice14.html,group,1,1,TP
invoice14.html,group,,,,product,Synergistic Plastic Gloves,Synergistic Plastic Gloves
invoice14.html,group,,,,quantity,1.00,1.00
invoice14.html,group,,,,price,313.86,313.86
invoice141.html,group,1,1,TP
invoice141.html,group,,,,product,Small Iron Wallet,Small Iron Wallet
invoice141.html,group,,,,quantity,20.00,20.00
invoice141.html,group,,,,price,253.69,253.69
invoice141.html,group,0,0,TP
invoice141.html,group,,,,product,Durable Rubber Bottle,Durable Rubber Bottle
invoice141.html,group,,,,quantity,31.00,31.00
invoice141.html,group,,,,price,45.89,45.89
invoice144.html,group,2,2,TP
invoice144.html,group,,,,product,Durable Concrete Keyboard,Durable Concrete Keyboard
invoice144.html,group,,,,quantity,32.00,32.00
invoice144.html,group,,,,price,73.30,73.30
invoice144.html,group,0,0,TP
invoice144.html,group,,,,product,Practical Leather Hat,Practical Leather Hat
invoice144.html,group,,,,quantity,26.00,26.00
invoice144.html,group,,,,price,460.33,460.33
invoice144.html,group,1,1,TP
invoice144.html,group,,,,product,Mediocre Steel Shirt,Mediocre Steel Shirt
invoice144.html,group,,,,quantity,44.00,44.00
invoice144.html,group,,,,price,194.75,194.75
invoice144.html,group,3,3,TP
invoice144.html,group,,,,product,Aerodynamic Linen Table,Aerodynamic Linen Table
invoice144.html,group,,,,quantity,10.00,10.00
invoice144.html,group,,,,price,110.81,110.81
invoice149.html,group,0,0,TP
invoice149.html,group,,,,product,Mediocre Marble Clock,Mediocre Marble Clock
invoice149.html,group,,,,quantity,53.00,53.00
invoice149.html,group,,,,price,78.65,78.65
invoice149.html,group,1,1,TP
invoice149.html,group,,,,product,Small Marble Coat,Small Marble Coat
invoice149.html,group,,,,quantity,44.00,44.00
invoice149.html,group,,,,price,33.67,33.67
invoice149.html,group,2,2,TP
invoice149.html,group,,,,product,Fantastic Linen Computer,Fantastic Linen Computer
invoice149.html,group,,,,quantity,30.00,30.00
invoice149.html,group,,,,price,12.86,12.86
invoice151.html,group,2,2,TP
invoice151.html,group,,,,product,Practical Bronze Bench,Practical Bronze Bench
invoice151.html,group,,,,quantity,15.00,15.00
invoice151.html,group,,,,price,145.91,145.91
invoice151.html,group,1,1,TP
invoice151.html,group,,,,product,Small Aluminum Pants,Small Aluminum Pants
invoice151.html,group,,,,quantity,2.00,2.00
invoice151.html,group,,,,price,27.59,27.59
invoice151.html,group,5,5,TP
invoice151.html,group,,,,product,Lightweight Paper Keyboard,Lightweight Paper Keyboard
invoice151.html,group,,,,quantity,41.00,41.00
invoice151.html,group,,,,price,10.35,10.35
invoice151.html,group,3,3,TP
invoice151.html,group,,,,product,Aerodynamic Rubber Clock,Aerodynamic Rubber Clock
invoice151.html,group,,,,quantity,11.00,11.00
invoice151.html,group,,,,price,395.83,395.83
invoice151.html,group,0,0,TP
invoice151.html,group,,,,product,Sleek Plastic Computer,Sleek Plastic Computer
invoice151.html,group,,,,quantity,35.00,35.00
invoice151.html,group,,,,price,452.69,452.69
invoice151.html,group,4,4,TP
invoice151.html,group,,,,product,Gorgeous Concrete Shirt,Gorgeous Concrete Shirt
invoice151.html,group,,,,quantity,42.00,42.00
invoice151.html,group,,,,price,457.98,457.98
invoice155.html,group,2,2,TP
invoice155.html,group,,,,product,Durable Iron Clock,Durable Iron Clock
invoice155.html,group,,,,quantity,20.00,20.00
invoice155.html,group,,,,price,308.03,308.03
invoice155.html,group,3,3,TP
invoice155.html,group,,,,product,Synergistic Copper Computer,Synergistic Copper Computer
invoice155.html,group,,,,quantity,10.00,10.00
invoice155.html,group,,,,price,69.23,69.23
invoice155.html,group,4,4,TP
invoice155.html,group,,,,product,Lightweight Aluminum Keyboard,Lightweight Aluminum Keyboard
invoice155.html,group,,,,quantity,25.00,25.00
invoice155.html,group,,,,price,497.12,497.12
invoice155.html,group,5,5,TP
invoice155.html,group,,,,product,Practical Wooden Plate,Practical Wooden Plate
invoice155.html,group,,,,quantity,43.00,43.00
invoice155.html,group,,,,price,468.52,468.52
invoice155.html,group,0,0,TP
invoice155.html,group,,,,product,Synergistic Paper Knife,Synergistic Paper Knife
invoice155.html,group,,,,quantity,22.00,22.00
invoice155.html,group,,,,price,408.62,408.62
invoice155.html,group,1,1,TP
invoice155.html,group,,,,product,Gorgeous Iron Hat,Gorgeous Iron Hat
invoice155.html,group,,,,quantity,47.00,47.00
invoice155.html,group,,,,price,118.62,118.62
invoice159.html,group,4,4,TP
invoice159.html,group,,,,product,Synergistic Rubber Knife,Synergistic Rubber Knife
invoice159.html,group,,,,quantity,11.00,11.00
invoice159.html,group,,,,price,107.44,107.44
invoice159.html,group,0,0,TP
invoice159.html,group,,,,product,Sleek Silk Computer,Sleek Silk Computer
invoice159.html,group,,,,quantity,30.00,30.00
invoice159.html,group,,,,price,288.22,288.22
invoice159.html,group,1,1,TP
invoice159.html,group,,,,product,Mediocre Aluminum Gloves,Mediocre Aluminum Gloves
invoice159.html,group,,,,quantity,27.00,27.00
invoice159.html,group,,,,price,333.24,333.24
invoice159.html,group,2,2,TP
invoice159.html,group,,,,product,Durable Marble Lamp,Durable Marble Lamp
invoice159.html,group,,,,quantity,34.00,34.00
invoice159.html,group,,,,price,474.48,474.48
invoice159.html,group,5,5,TP
invoice159.html,group,,,,product,Ergonomic Wool Chair,Ergonomic Wool Chair
invoice159.html,group,,,,quantity,47.00,47.00
invoice159.html,group,,,,price,12.05,12.05
invoice159.html,group,3,3,TP
invoice159.html,group,,,,product,Ergonomic Leather Bag,Ergonomic Leather Bag
invoice159.html,group,,,,quantity,34.00,34.00
invoice159.html,group,,,,price,181.23,181.23
invoice16.html,group,4,4,TP
invoice16.html,group,,,,product,Gorgeous Paper Chair,Gorgeous Paper Chair
invoice16.html,group,,,,quantity,45.00,45.00
invoice16.html,group,,,,price,451.77,451.77
invoice16.html,group,2,2,TP
invoice16.html,group,,,,product,Rustic Wool Gloves,Rustic Wool Gloves
invoice16.html,group,,,,quantity,42.00,42.00
invoice16.html,group,,,,price,243.89,243.89
invoice16.html,group,0,0,TP
invoice16.html,group,,,,product,Mediocre Cotton Lamp,Mediocre Cotton Lamp
invoice16.html,group,,,,quantity,33.00,33.00
invoice16.html,group,,,,price,19.96,19.96
invoice16.html,group,3,3,TP
invoice16.html,group,,,,product,Incredible Concrete Shoes,Incredible Concrete Shoes
invoice16.html,group,,,,quantity,53.00,53.00
invoice16.html,group,,,,price,57.55,57.55
invoice16.html,group,1,1,TP
invoice16.html,group,,,,product,Gorgeous Rubber Chair,Gorgeous Rubber Chair
invoice16.html,group,,,,quantity,7.00,7.00
invoice16.html,group,,,,price,411.85,411.85
invoice160.html,group,0,0,TP
invoice160.html,group,,,,product,Awesome Bronze Wallet,Awesome Bronze Wallet
invoice160.html,group,,,,quantity,28.00,28.00
invoice160.html,group,,,,price,307.89,307.89
invoice173.html,group,4,4,TP
invoice173.html,group,,,,product,Durable Leather Shirt,Durable Leather Shirt
invoice173.html,group,,,,quantity,30.00,30.00
invoice173.html,group,,,,price,331.79,331.79
invoice173.html,group,1,1,TP
invoice173.html,group,,,,product,Practical Iron Table,Practical Iron Table
invoice173.html,group,,,,quantity,29.00,29.00
invoice173.html,group,,,,price,246.40,246.40
invoice173.html,group,2,2,TP
invoice173.html,group,,,,product,Gorgeous Rubber Shoes,Gorgeous Rubber Shoes
invoice173.html,group,,,,quantity,12.00,12.00
invoice173.html,group,,,,price,145.96,145.96
invoice173.html,group,3,3,TP
invoice173.html,group,,,,product,Awesome Linen Bag,Awesome Linen Bag
invoice173.html,group,,,,quantity,52.00,52.00
invoice173.html,group,,,,price,129.38,129.38
invoice173.html,group,0,0,TP
invoice173.html,group,,,,product,Durable Copper Watch,Durable Copper Watch
invoice173.html,group,,,,quantity,5.00,5.00
invoice173.html,group,,,,price,50.42,50.42
invoice174.html,group,0,0,TP
invoice174.html,group,,,,product,Rustic Steel Lamp,Rustic Steel Lamp
invoice174.html,group,,,,quantity,23.00,23.00
invoice174.html,group,,,,price,46.46,46.46
invoice174.html,group,2,2,TP
invoice174.html,group,,,,product,Gorgeous Copper Lamp,Gorgeous Copper Lamp
invoice174.html,group,,,,quantity,30.00,30.00
invoice174.html,group,,,,price,453.53,453.53
invoice174.html,group,1,1,TP
invoice174.html,group,,,,product,Intelligent Leather Pants,Intelligent Leather Pants
invoice174.html,group,,,,quantity,10.00,10.00
invoice174.html,group,,,,price,28.64,28.64
invoice176.html,group,7,7,TP
invoice176.html,group,,,,product,Incredible Bronze Pants,Incredible Bronze Pants
invoice176.html,group,,,,quantity,12.00,12.00
invoice176.html,group,,,,price,208.14,208.14
invoice176.html,group,8,8,TP
invoice176.html,group,,,,product,Intelligent Steel Hat,Intelligent Steel Hat
invoice176.html,group,,,,quantity,6.00,6.00
invoice176.html,group,,,,price,414.24,414.24
invoice176.html,group,0,0,TP
invoice176.html,group,,,,product,Lightweight Cotton Hat,Lightweight Cotton Hat
invoice176.html,group,,,,quantity,10.00,10.00
invoice176.html,group,,,,price,316.87,316.87
invoice176.html,group,5,5,TP
invoice176.html,group,,,,product,Sleek Aluminum Shirt,Sleek Aluminum Shirt
invoice176.html,group,,,,quantity,15.00,15.00
invoice176.html,group,,,,price,410.70,410.70
invoice176.html,group,1,1,TP
invoice176.html,group,,,,product,Rustic Leather Watch,Rustic Leather Watch
invoice176.html,group,,,,quantity,31.00,31.00
invoice176.html,group,,,,price,349.14,349.14
invoice176.html,group,3,3,TP
invoice176.html,group,,,,product,Rustic Leather Car,Rustic Leather Car
invoice176.html,group,,,,quantity,20.00,20.00
invoice176.html,group,,,,price,285.16,285.16
invoice176.html,group,2,2,TP
invoice176.html,group,,,,product,Practical Silk Hat,Practical Silk Hat
invoice176.html,group,,,,quantity,30.00,30.00
invoice176.html,group,,,,price,82.15,82.15
invoice176.html,group,4,4,TP
invoice176.html,group,,,,product,Small Wool Clock,Small Wool Clock
invoice176.html,group,,,,quantity,13.00,13.00
invoice176.html,group,,,,price,476.84,476.84
invoice176.html,group,6,6,TP
invoice176.html,group,,,,product,Incredible Copper Watch,Incredible Copper Watch
invoice176.html,group,,,,quantity,27.00,27.00
invoice176.html,group,,,,price,13.63,13.63
invoice185.html,group,3,3,TP
invoice185.html,group,,,,product,Gorgeous Wool Bottle,Gorgeous Wool Bottle
invoice185.html,group,,,,quantity,16.00,16.00
invoice185.html,group,,,,price,251.03,251.03
invoice185.html,group,1,1,TP
invoice185.html,group,,,,product,Synergistic Aluminum Shirt,Synergistic Aluminum Shirt
invoice185.html,group,,,,quantity,15.00,15.00
invoice185.html,group,,,,price,448.86,448.86
invoice185.html,group,0,0,TP
invoice185.html,group,,,,product,Ergonomic Silk Shoes,Ergonomic Silk Shoes
invoice185.html,group,,,,quantity,7.00,7.00
invoice185.html,group,,,,price,304.42,304.42
invoice185.html,group,2,2,TP
invoice185.html,group,,,,product,Rustic Rubber Bag,Rustic Rubber Bag
invoice185.html,group,,,,quantity,4.00,4.00
invoice185.html,group,,,,price,191.39,191.39
invoice185.html,group,4,4,TP
invoice185.html,group,,,,product,Gorgeous Granite Car,Gorgeous Granite Car
invoice185.html,group,,,,quantity,46.00,46.00
invoice185.html,group,,,,price,191.18,191.18
invoice192.html,group,3,3,TP
invoice192.html,group,,,,product,Fantastic Copper Computer,Fantastic Copper Computer
invoice192.html,group,,,,quantity,27.00,27.00
invoice192.html,group,,,,price,138.49,138.49
invoice192.html,group,2,2,TP
invoice192.html,group,,,,product,Rustic Silk Bottle,Rustic Silk Bottle
invoice192.html,group,,,,quantity,16.00,16.00
invoice192.html,group,,,,price,164.13,164.13
invoice192.html,group,7,7,TP
invoice192.html,group,,,,product,Aerodynamic Marble Watch,Aerodynamic Marble Watch
invoice192.html,group,,,,quantity,9.00,9.00
invoice192.html,group,,,,price,315.29,315.29
invoice192.html,group,1,1,TP
invoice192.html,group,,,,product,Intelligent Paper Shoes,Intelligent Paper Shoes
invoice192.html,group,,,,quantity,12.00,12.00
invoice192.html,group,,,,price,313.31,313.31
invoice192.html,group,5,5,TP
invoice192.html,group,,,,product,Mediocre Rubber Lamp,Mediocre Rubber Lamp
invoice192.html,group,,,,quantity,47.00,47.00
invoice192.html,group,,,,price,435.76,435.76
invoice192.html,group,4,4,TP
invoice192.html,group,,,,product,Lightweight Silk Bench,Lightweight Silk Bench
invoice192.html,group,,,,quantity,7.00,7.00
invoice192.html,group,,,,price,492.90,492.90
invoice192.html,group,0,0,TP
invoice192.html,group,,,,product,Synergistic Granite Plate,Synergistic Granite Plate
invoice192.html,group,,,,quantity,15.00,15.00
invoice192.html,group,,,,price,33.20,33.20
invoice192.html,group,6,6,TP
invoice192.html,group,,,,product,Durable Wool Computer,Durable Wool Computer
invoice192.html,group,,,,quantity,33.00,33.00
invoice192.html,group,,,,price,181.86,181.86
invoice192.html,group,8,8,TP
invoice192.html,group,,,,product,Small Wooden Hat,Small Wooden Hat
invoice192.html,group,,,,quantity,18.00,18.00
invoice192.html,group,,,,price,352.64,352.64
invoice20.html,group,0,0,TP
invoice20.html,group,,,,product,Practical Plastic Hat,Practical Plastic Hat
invoice20.html,group,,,,quantity,52.00,52.00
invoice20.html,group,,,,price,294.77,294.77
invoice20.html,group,1,1,TP
invoice20.html,group,,,,product,Rustic Bronze Knife,Rustic Bronze Knife
invoice20.html,group,,,,quantity,49.00,49.00
invoice20.html,group,,,,price,370.91,370.91
invoice201.html,group,3,3,TP
invoice201.html,group,,,,product,Ergonomic Aluminum Bench,Ergonomic Aluminum Bench
invoice201.html,group,,,,quantity,13.00,13.00
invoice201.html,group,,,,price,179.65,179.65
invoice201.html,group,0,0,TP
invoice201.html,group,,,,product,Lightweight Linen Watch,Lightweight Linen Watch
invoice201.html,group,,,,quantity,16.00,16.00
invoice201.html,group,,,,price,199.02,199.02
invoice201.html,group,4,4,TP
invoice201.html,group,,,,product,Small Rubber Shirt,Small Rubber Shirt
invoice201.html,group,,,,quantity,18.00,18.00
invoice201.html,group,,,,price,49.31,49.31
invoice201.html,group,1,1,TP
invoice201.html,group,,,,product,Fantastic Concrete Watch,Fantastic Concrete Watch
invoice201.html,group,,,,quantity,4.00,4.00
invoice201.html,group,,,,price,269.61,269.61
invoice201.html,group,2,2,TP
invoice201.html,group,,,,product,Aerodynamic Marble Bag,Aerodynamic Marble Bag
invoice201.html,group,,,,quantity,37.00,37.00
invoice201.html,group,,,,price,287.38,287.38
train.0239d2b5-d329-4da5-b65a-ecbfdb4aa492.html,group,,2,TP
train.0239d2b5-d329-4da5-b65a-ecbfdb4aa492.html,group,,,,product,500 Invitations,500 Invitations
train.0239d2b5-d329-4da5-b65a-ecbfdb4aa492.html,group,,,,quantity,1.00,1.00
train.0239d2b5-d329-4da5-b65a-ecbfdb4aa492.html,group,,,,price,167.50,167.50
train.0239d2b5-d329-4da5-b65a-ecbfdb4aa492.html,group,,1,FP
train.0239d2b5-d329-4da5-b65a-ecbfdb4aa492.html,group,,,,price,,75.00
train.0239d2b5-d329-4da5-b65a-ecbfdb4aa492.html,group,,0,FP
train.0239d2b5-d329-4da5-b65a-ecbfdb4aa492.html,group,,,,price,,75.00
train.0426e5bf-5697-4aa1-b119-814d354a8089.html,group,,1,"FP,FN"
train.0426e5bf-5697-4aa1-b119-814d354a8089.html,group,,,,product,Speech,
train.0426e5bf-5697-4aa1-b119-814d354a8089.html,group,,,,quantity,15.00,
train.0426e5bf-5697-4aa1-b119-814d354a8089.html,group,,,,price,250.00,250.00
train.0426e5bf-5697-4aa1-b119-814d354a8089.html,group,,0,FP
train.0426e5bf-5697-4aa1-b119-814d354a8089.html,group,,,,price,,500.00
train.0da4c403-f30b-4e85-9125-82659e306df8.html,group,,2,TP
train.0da4c403-f30b-4e85-9125-82659e306df8.html,group,,,,product,Woo Album #3,Woo Album #3
train.0da4c403-f30b-4e85-9125-82659e306df8.html,group,,,,quantity,1.00,1.00
train.0da4c403-f30b-4e85-9125-82659e306df8.html,group,,,,price,9.00,9.00
train.0da4c403-f30b-4e85-9125-82659e306df8.html,group,,1,FP
train.0da4c403-f30b-4e85-9125-82659e306df8.html,group,,,,product,,Ship Your Idea colon Blue
train.0da4c403-f30b-4e85-9125-82659e306df8.html,group,,,,quantity,,1.00
train.0da4c403-f30b-4e85-9125-82659e306df8.html,group,,,,price,,60.00
train.0da4c403-f30b-4e85-9125-82659e306df8.html,group,,3,FP
train.0da4c403-f30b-4e85-9125-82659e306df8.html,group,,,,quantity,,50.10
train.0da4c403-f30b-4e85-9125-82659e306df8.html,group,,4,FP
train.0da4c403-f30b-4e85-9125-82659e306df8.html,group,,,,product,,Payment Methods
train.0da4c403-f30b-4e85-9125-82659e306df8.html,group,,0,FP
train.0da4c403-f30b-4e85-9125-82659e306df8.html,group,,,,product,,S_hip_You.r_Ide.a
train.0da4c403-f30b-4e85-9125-82659e306df8.html,group,,,,quantity,,1.00
train.0da4c403-f30b-4e85-9125-82659e306df8.html,group,,,,price,,15.00
train.10dea319-413e-410f-a67b-a231afcb2e98.html,group,,2,"FP,FN"
train.10dea319-413e-410f-a67b-a231afcb2e98.html,group,,,,product,"October 11, 2012",
train.10dea319-413e-410f-a67b-a231afcb2e98.html,group,,,,quantity,100.00,
train.10dea319-413e-410f-a67b-a231afcb2e98.html,group,,,,price,80.00,80.00
train.10dea319-413e-410f-a67b-a231afcb2e98.html,group,,0,FP
train.10dea319-413e-410f-a67b-a231afcb2e98.html,group,,,,price,,20.00
train.10dea319-413e-410f-a67b-a231afcb2e98.html,group,,1,FP
train.10dea319-413e-410f-a67b-a231afcb2e98.html,group,,,,price,,12.51
train.17ae690f-1768-49b7-8f42-44a8a84f64c8.html,group,,5,TP
train.17ae690f-1768-49b7-8f42-44a8a84f64c8.html,group,,,,product,Aenean eget enim eget augue dictum fringdto et vrtae.,Aenean eget enim eget augue dictum fringdto et vrtae.
train.17ae690f-1768-49b7-8f42-44a8a84f64c8.html,group,,,,quantity,1.00,1.00
train.17ae690f-1768-49b7-8f42-44a8a84f64c8.html,group,,,,price,100.00,100.00
train.17ae690f-1768-49b7-8f42-44a8a84f64c8.html,group,,4,FP
train.17ae690f-1768-49b7-8f42-44a8a84f64c8.html,group,,,,product,,In hac habitasse platea dictumst. mauris at.
train.17ae690f-1768-49b7-8f42-44a8a84f64c8.html,group,,,,quantity,,2.00
train.17ae690f-1768-49b7-8f42-44a8a84f64c8.html,group,,,,price,,2.00
train.17ae690f-1768-49b7-8f42-44a8a84f64c8.html,group,,0,FP
train.17ae690f-1768-49b7-8f42-44a8a84f64c8.html,group,,,,product,,Donee .K er at vel neque molestic coov.illtt.
train.17ae690f-1768-49b7-8f42-44a8a84f64c8.html,group,,,,quantity,,2.00
train.17ae690f-1768-49b7-8f42-44a8a84f64c8.html,group,,,,price,,600.00
train.17ae690f-1768-49b7-8f42-44a8a84f64c8.html,group,,1,FP
train.17ae690f-1768-49b7-8f42-44a8a84f64c8.html,group,,,,product,,Sod oget rbusac lac us tempert lolhcrtiKhn inat magru.
train.17ae690f-1768-49b7-8f42-44a8a84f64c8.html,group,,,,quantity,,1.00
train.17ae690f-1768-49b7-8f42-44a8a84f64c8.html,group,,,,price,,300.00
train.17ae690f-1768-49b7-8f42-44a8a84f64c8.html,group,,2,FP
train.17ae690f-1768-49b7-8f42-44a8a84f64c8.html,group,,,,product,,Nunc auctor nisi vel totem aliquot poUontc*ǀue.
train.17ae690f-1768-49b7-8f42-44a8a84f64c8.html,group,,,,quantity,,3.00
train.17ae690f-1768-49b7-8f42-44a8a84f64c8.html,group,,,,price,,800.00
train.17ae690f-1768-49b7-8f42-44a8a84f64c8.html,group,,3,FP
train.17ae690f-1768-49b7-8f42-44a8a84f64c8.html,group,,,,quantity,,2.00
train.17ae690f-1768-49b7-8f42-44a8a84f64c8.html,group,,,,price,,20.00
train.17d5cc95-b95f-4f66-90bf-fb3861e12ae2.html,group,,1,TP
train.17d5cc95-b95f-4f66-90bf-fb3861e12ae2.html,group,,,,product,Job 2 Use this spoce to provide an extra description ot your services. it required.,Job 2 Use this spoce to provide an extra description ot your services. it required.
train.17d5cc95-b95f-4f66-90bf-fb3861e12ae2.html,group,,,,quantity,10.00,10.00
train.17d5cc95-b95f-4f66-90bf-fb3861e12ae2.html,group,,,,price,20.00,20.00
train.17d5cc95-b95f-4f66-90bf-fb3861e12ae2.html,group,,0,FP
train.17d5cc95-b95f-4f66-90bf-fb3861e12ae2.html,group,,,,product,,"Wedding piclures, June 16. 2016 Use this space lo provide an extro description ot your services, it required."
train.17d5cc95-b95f-4f66-90bf-fb3861e12ae2.html,group,,,,quantity,,25.00
train.17d5cc95-b95f-4f66-90bf-fb3861e12ae2.html,group,,,,price,,20.00
train.1a2716df-331c-45a1-ad2e-e8c882e4ebed.html,group,,0,"FP,FN"
train.1a2716df-331c-45a1-ad2e-e8c882e4ebed.html,group,,,,product,VACATION PACKAGE TO ACAPUI.CO. MEXICO,
train.1a2716df-331c-45a1-ad2e-e8c882e4ebed.html,group,,,,quantity,1.00,1.00
train.1a2716df-331c-45a1-ad2e-e8c882e4ebed.html,group,,,,price,1891.95,1891.95
train.1e3c0c47-62bb-45b3-93e4-e24daab0ba56.html,group,,0,"FP,FN"
train.1e3c0c47-62bb-45b3-93e4-e24daab0ba56.html,group,,,,product,Design services,Design services
train.1e3c0c47-62bb-45b3-93e4-e24daab0ba56.html,group,,,,quantity,1.00,10.00
train.1e3c0c47-62bb-45b3-93e4-e24daab0ba56.html,group,,,,price,227.27,227.27
train.1e8152d1-90d5-4c2d-87ed-72a50077b7d9.html,group,,2,TP
train.1e8152d1-90d5-4c2d-87ed-72a50077b7d9.html,group,,,,product,Click to update donation,Click to update donation
train.1e8152d1-90d5-4c2d-87ed-72a50077b7d9.html,group,,,,quantity,1.00,1.00
train.1e8152d1-90d5-4c2d-87ed-72a50077b7d9.html,group,,,,price,250.00,250.00
train.1e8152d1-90d5-4c2d-87ed-72a50077b7d9.html,group,,1,FP
train.1e8152d1-90d5-4c2d-87ed-72a50077b7d9.html,group,,,,product,,Chapter Dues
train.1e8152d1-90d5-4c2d-87ed-72a50077b7d9.html,group,,,,quantity,,1.00
train.1e8152d1-90d5-4c2d-87ed-72a50077b7d9.html,group,,,,price,,350.00
train.1e8152d1-90d5-4c2d-87ed-72a50077b7d9.html,group,,0,FP
train.1e8152d1-90d5-4c2d-87ed-72a50077b7d9.html,group,,,,quantity,,1.00
train.1e8152d1-90d5-4c2d-87ed-72a50077b7d9.html,group,,,,price,,650.00
train.21406ab6-f7f7-4382-a939-5aa9edf9743a.html,group,,1,TP
train.21406ab6-f7f7-4382-a939-5aa9edf9743a.html,group,,,,product,Job 2 02 Use this space to prwide an extra description ot,Job 2 02 Use this space to prwide an extra description ot
train.21406ab6-f7f7-4382-a939-5aa9edf9743a.html,group,,,,quantity,10.00,10.00
train.21406ab6-f7f7-4382-a939-5aa9edf9743a.html,group,,,,price,20.00,20.00
train.21406ab6-f7f7-4382-a939-5aa9edf9743a.html,group,,0,FP
train.21406ab6-f7f7-4382-a939-5aa9edf9743a.html,group,,,,product,,"Wedding piclures, June 16. 2016 01 Use this space to provide an extro description ot your serviced it roquired."
train.21406ab6-f7f7-4382-a939-5aa9edf9743a.html,group,,,,quantity,,25.00
train.21406ab6-f7f7-4382-a939-5aa9edf9743a.html,group,,,,price,,20.00
train.259abc7e-dd46-450c-8bc9-1a73b489ba5d.html,group,,0,"FP,FN"
train.259abc7e-dd46-450c-8bc9-1a73b489ba5d.html,group,,,,product,Discount,Consultation
train.259abc7e-dd46-450c-8bc9-1a73b489ba5d.html,group,,,,quantity,1.00,2.00
train.259abc7e-dd46-450c-8bc9-1a73b489ba5d.html,group,,,,price,-30.00,50.00
train.259abc7e-dd46-450c-8bc9-1a73b489ba5d.html,group,,1,FP
train.259abc7e-dd46-450c-8bc9-1a73b489ba5d.html,group,,,,quantity,,7.00
train.259abc7e-dd46-450c-8bc9-1a73b489ba5d.html,group,,,,price,,80.00
train.259abc7e-dd46-450c-8bc9-1a73b489ba5d.html,group,,2,FP
train.259abc7e-dd46-450c-8bc9-1a73b489ba5d.html,group,,,,price,,30.00
train.25d4ab85-d15f-4fec-9c3a-f90afd9f138f.html,group,,0,"FP,FN"
train.25d4ab85-d15f-4fec-9c3a-f90afd9f138f.html,group,,,,product,Kiyean ǀ»i) - /oiyeǀ4jqot,Engish - Hello
train.25d4ab85-d15f-4fec-9c3a-f90afd9f138f.html,group,,,,price,10.00,10.00
train.25d4ab85-d15f-4fec-9c3a-f90afd9f138f.html,group,,1,FP
train.25d4ab85-d15f-4fec-9c3a-f90afd9f138f.html,group,,,,product,,Frendi pwcasj - BonOor / SaW
train.25d4ab85-d15f-4fec-9c3a-f90afd9f138f.html,group,,,,price,,10.00
train.25d4ab85-d15f-4fec-9c3a-f90afd9f138f.html,group,,6,FP
train.25d4ab85-d15f-4fec-9c3a-f90afd9f138f.html,group,,,,product,,CMnese (*>S:.H«;A.ai3) - WW
train.25d4ab85-d15f-4fec-9c3a-f90afd9f138f.html,group,,,,price,,10.00
train.25d4ab85-d15f-4fec-9c3a-f90afd9f138f.html,group,,7,FP
train.25d4ab85-d15f-4fec-9c3a-f90afd9f138f.html,group,,,,price,,10.00
train.25d4ab85-d15f-4fec-9c3a-f90afd9f138f.html,group,,4,FP
train.25d4ab85-d15f-4fec-9c3a-f90afd9f138f.html,group,,,,product,,Greek (cMnvw0) - Teio ooc
train.25d4ab85-d15f-4fec-9c3a-f90afd9f138f.html,group,,,,price,,10.00
train.25d4ab85-d15f-4fec-9c3a-f90afd9f138f.html,group,,8,FP
train.25d4ab85-d15f-4fec-9c3a-f90afd9f138f.html,group,,,,price,,10.00
train.25d4ab85-d15f-4fec-9c3a-f90afd9f138f.html,group,,2,FP
train.25d4ab85-d15f-4fec-9c3a-f90afd9f138f.html,group,,,,price,,10.00
train.25d4ab85-d15f-4fec-9c3a-f90afd9f138f.html,group,,5,FP
train.25d4ab85-d15f-4fec-9c3a-f90afd9f138f.html,group,,,,product,,Rj»an (pycCKXi») - 3aP»BCTey*rel
train.25d4ab85-d15f-4fec-9c3a-f90afd9f138f.html,group,,,,price,,10.00
train.25d4ab85-d15f-4fec-9c3a-f90afd9f138f.html,group,,3,FP
train.25d4ab85-d15f-4fec-9c3a-f90afd9f138f.html,group,,,,product,,Pcflsn Ifezyk poiskO - Ozien dooryl / C?*«!
train.25d4ab85-d15f-4fec-9c3a-f90afd9f138f.html,group,,,,price,,10.00
train.26a649d7-b4e1-40d2-a0ef-9ff1a3f8e5b1.html,group,,4,"FP,FN"
train.26a649d7-b4e1-40d2-a0ef-9ff1a3f8e5b1.html,group,,,,product,LA MADE Alexa Cross-Front Striped Shirt,
train.26a649d7-b4e1-40d2-a0ef-9ff1a3f8e5b1.html,group,,,,price,48.00,48.00
train.26a649d7-b4e1-40d2-a0ef-9ff1a3f8e5b1.html,group,,1,FP
train.26a649d7-b4e1-40d2-a0ef-9ff1a3f8e5b1.html,group,,,,price,,58.00
train.26a649d7-b4e1-40d2-a0ef-9ff1a3f8e5b1.html,group,,3,FP
train.26a649d7-b4e1-40d2-a0ef-9ff1a3f8e5b1.html,group,,,,price,,68.00
train.26a649d7-b4e1-40d2-a0ef-9ff1a3f8e5b1.html,group,,0,FP
train.26a649d7-b4e1-40d2-a0ef-9ff1a3f8e5b1.html,group,,,,price,,58.00
train.26a649d7-b4e1-40d2-a0ef-9ff1a3f8e5b1.html,group,,2,FP
train.26a649d7-b4e1-40d2-a0ef-9ff1a3f8e5b1.html,group,,,,price,,88.00
train.2b9f6f3c-62dd-4363-a149-1ce43bd45278.html,group,,11,TP
train.2b9f6f3c-62dd-4363-a149-1ce43bd45278.html,group,,,,product,DUST AND POLLEN FILTER,DUST AND POLLEN FILTER
train.2b9f6f3c-62dd-4363-a149-1ce43bd45278.html,group,,,,quantity,1.00,1.00
train.2b9f6f3c-62dd-4363-a149-1ce43bd45278.html,group,,,,price,635.47,635.47
train.2b9f6f3c-62dd-4363-a149-1ce43bd45278.html,group,,5,FP
train.2b9f6f3c-62dd-4363-a149-1ce43bd45278.html,group,,,,product,,Oil Filter
train.2b9f6f3c-62dd-4363-a149-1ce43bd45278.html,group,,,,quantity,,1.00
train.2b9f6f3c-62dd-4363-a149-1ce43bd45278.html,group,,,,price,,327.11
train.2b9f6f3c-62dd-4363-a149-1ce43bd45278.html,group,,2,FP
train.2b9f6f3c-62dd-4363-a149-1ce43bd45278.html,group,,,,product,,VAS Scaning
train.2b9f6f3c-62dd-4363-a149-1ce43bd45278.html,group,,,,quantity,,114.00
train.2b9f6f3c-62dd-4363-a149-1ce43bd45278.html,group,,,,price,,3.50
train.2b9f6f3c-62dd-4363-a149-1ce43bd45278.html,group,,6,FP
train.2b9f6f3c-62dd-4363-a149-1ce43bd45278.html,group,,,,product,,AIR FILTER
train.2b9f6f3c-62dd-4363-a149-1ce43bd45278.html,group,,,,quantity,,1.00
train.2b9f6f3c-62dd-4363-a149-1ce43bd45278.html,group,,,,price,,275.56
train.2b9f6f3c-62dd-4363-a149-1ce43bd45278.html,group,,0,FP
train.2b9f6f3c-62dd-4363-a149-1ce43bd45278.html,group,,,,product,,SERVICING CHARGES
train.2b9f6f3c-62dd-4363-a149-1ce43bd45278.html,group,,,,quantity,,150.00
train.2b9f6f3c-62dd-4363-a149-1ce43bd45278.html,group,,9,FP
train.2b9f6f3c-62dd-4363-a149-1ce43bd45278.html,group,,,,product,,CASTROL ENGINE OIL 4LT
train.2b9f6f3c-62dd-4363-a149-1ce43bd45278.html,group,,,,quantity,,1.00
train.2b9f6f3c-62dd-4363-a149-1ce43bd45278.html,group,,10,FP
train.2b9f6f3c-62dd-4363-a149-1ce43bd45278.html,group,,,,product,,CASTROL ENGINE OIL1LT
train.2b9f6f3c-62dd-4363-a149-1ce43bd45278.html,group,,,,quantity,,1.00
train.2b9f6f3c-62dd-4363-a149-1ce43bd45278.html,group,,,,price,,862.23
train.2b9f6f3c-62dd-4363-a149-1ce43bd45278.html,group,,7,FP
train.2b9f6f3c-62dd-4363-a149-1ce43bd45278.html,group,,,,product,,PLUG WITH
train.2b9f6f3c-62dd-4363-a149-1ce43bd45278.html,group,,,,quantity,,1.00
train.2b9f6f3c-62dd-4363-a149-1ce43bd45278.html,group,,,,price,,67.36
train.2b9f6f3c-62dd-4363-a149-1ce43bd45278.html,group,,3,FP
train.2b9f6f3c-62dd-4363-a149-1ce43bd45278.html,group,,,,quantity,,100.00
train.2b9f6f3c-62dd-4363-a149-1ce43bd45278.html,group,,4,FP
train.2b9f6f3c-62dd-4363-a149-1ce43bd45278.html,group,,,,product,,brake cleaning
train.2b9f6f3c-62dd-4363-a149-1ce43bd45278.html,group,,,,quantity,,129.00
train.2b9f6f3c-62dd-4363-a149-1ce43bd45278.html,group,,1,FP
train.2b9f6f3c-62dd-4363-a149-1ce43bd45278.html,group,,,,product,,Washing
train.2b9f6f3c-62dd-4363-a149-1ce43bd45278.html,group,,,,quantity,,186.00
train.2b9f6f3c-62dd-4363-a149-1ce43bd45278.html,group,,,,price,,3.50
train.2b9f6f3c-62dd-4363-a149-1ce43bd45278.html,group,,8,FP
train.2b9f6f3c-62dd-4363-a149-1ce43bd45278.html,group,,,,product,,WINDSHIELD CLEANER CO
train.2b9f6f3c-62dd-4363-a149-1ce43bd45278.html,group,,,,quantity,,1.00
train.2b9f6f3c-62dd-4363-a149-1ce43bd45278.html,group,,,,price,,226.98
train.337b594a-1198-4486-a307-171220a41f32.html,group,,0,"FP,FN"
train.337b594a-1198-4486-a307-171220a41f32.html,group,,,,product,Run Your Own Ads - Proration Credit,
train.337b594a-1198-4486-a307-171220a41f32.html,group,,,,price,-19.32,14.80
train.34745b56-eb5a-4729-b49c-5abfa9631675.html,group,,2,"FP,FN"
train.34745b56-eb5a-4729-b49c-5abfa9631675.html,group,,,,product,Answer Booklet ( A4.2 Page Both Side),
train.34745b56-eb5a-4729-b49c-5abfa9631675.html,group,,,,quantity,2632.00,2632.00
train.34745b56-eb5a-4729-b49c-5abfa9631675.html,group,,,,price,1.30,
train.34745b56-eb5a-4729-b49c-5abfa9631675.html,group,,0,FP
train.34745b56-eb5a-4729-b49c-5abfa9631675.html,group,,,,quantity,,2000.00
train.34745b56-eb5a-4729-b49c-5abfa9631675.html,group,,,,price,,1.70
train.34745b56-eb5a-4729-b49c-5abfa9631675.html,group,,1,FP
train.34745b56-eb5a-4729-b49c-5abfa9631675.html,group,,,,product,,Voucher Book
train.34745b56-eb5a-4729-b49c-5abfa9631675.html,group,,,,quantity,,50.00
train.37c42c0f-a058-460c-a78d-98f7662df650.html,group,,2,"FP,FN"
train.37c42c0f-a058-460c-a78d-98f7662df650.html,group,,,,product,"Review design documents with client on May 30, 2009","Review design documents with client on May 30, 2009"
train.37c42c0f-a058-460c-a78d-98f7662df650.html,group,,,,quantity,2.25,
train.37c42c0f-a058-460c-a78d-98f7662df650.html,group,,,,price,250.00,250.00
train.37c42c0f-a058-460c-a78d-98f7662df650.html,group,,0,FP
train.37c42c0f-a058-460c-a78d-98f7662df650.html,group,,,,price,,3.25
train.37c42c0f-a058-460c-a78d-98f7662df650.html,group,,1,FP
train.37c42c0f-a058-460c-a78d-98f7662df650.html,group,,,,product,,Prepare design documents
train.37c42c0f-a058-460c-a78d-98f7662df650.html,group,,,,price,,250.00
train.38c9ff1f-a06c-48bf-a8a5-b59ea26c6917.html,group,,0,"FP,FN"
train.38c9ff1f-a06c-48bf-a8a5-b59ea26c6917.html,group,,,,product,A case of Doer,Sample invoice for two hours of service Sample product Item A case of Doer
train.38c9ff1f-a06c-48bf-a8a5-b59ea26c6917.html,group,,,,quantity,24.00,24.00
train.38c9ff1f-a06c-48bf-a8a5-b59ea26c6917.html,group,,,,price,1.00,100.00
train.38c9ff1f-a06c-48bf-a8a5-b59ea26c6917.html,group,,1,FP
train.38c9ff1f-a06c-48bf-a8a5-b59ea26c6917.html,group,,,,price,,323.90
train.3b7ddb75-8659-46ab-9461-a428c45b4731.html,group,,0,"FP,FN"
train.3b7ddb75-8659-46ab-9461-a428c45b4731.html,group,,,,product,Overnight shipping & icepack packaging,"PS150-Centric SJ5_8, Lorentz Pump/Controller AXC200 syringes JIN 21 reagent Overnight shipping & icepack packaging"
train.3b7ddb75-8659-46ab-9461-a428c45b4731.html,group,,,,quantity,1.00,1.00
train.3b7ddb75-8659-46ab-9461-a428c45b4731.html,group,,,,price,238.00,238.00
train.3c682f27-6069-4197-b695-ae3b582034f6.html,group,,0,"FP,FN"
train.3c682f27-6069-4197-b695-ae3b582034f6.html,group,,,,product,Annual Dues per team 2009 summer swim season,Annual Dues per team 2009 summer swim season
train.3c682f27-6069-4197-b695-ae3b582034f6.html,group,,,,price,100.00,
train.3c8d5d54-e52e-4b7d-bc18-99eaac074b03.html,group,,4,"FP,FN"
train.3c8d5d54-e52e-4b7d-bc18-99eaac074b03.html,group,,,,product,Logitech Sc amor Document Scanner,.G Montor ICO 21* wide screen
train.3c8d5d54-e52e-4b7d-bc18-99eaac074b03.html,group,,,,price,5150.00,250.00
train.3c8d5d54-e52e-4b7d-bc18-99eaac074b03.html,group,,0,FP
train.3c8d5d54-e52e-4b7d-bc18-99eaac074b03.html,group,,,,product,,BT Headset Bfuetooth Headset for Windows «able Devices
train.3c8d5d54-e52e-4b7d-bc18-99eaac074b03.html,group,,,,quantity,,1001.00
train.3c8d5d54-e52e-4b7d-bc18-99eaac074b03.html,group,,,,price,,12.00
train.3c8d5d54-e52e-4b7d-bc18-99eaac074b03.html,group,,1,FP
train.3c8d5d54-e52e-4b7d-bc18-99eaac074b03.html,group,,,,product,,BT Speakers Bluetooth Speakers for lenova Laptop
train.3c8d5d54-e52e-4b7d-bc18-99eaac074b03.html,group,,,,quantity,,8736.00
train.3c8d5d54-e52e-4b7d-bc18-99eaac074b03.html,group,,,,price,,26.00
train.3c8d5d54-e52e-4b7d-bc18-99eaac074b03.html,group,,2,FP
train.3c8d5d54-e52e-4b7d-bc18-99eaac074b03.html,group,,,,product,,DRAM 1G8 DRAM
train.3c8d5d54-e52e-4b7d-bc18-99eaac074b03.html,group,,,,quantity,,2.00
train.3c8d5d54-e52e-4b7d-bc18-99eaac074b03.html,group,,,,price,,0.00
train.3c8d5d54-e52e-4b7d-bc18-99eaac074b03.html,group,,5,FP
train.3c8d5d54-e52e-4b7d-bc18-99eaac074b03.html,group,,,,quantity,,1.00
train.3c8d5d54-e52e-4b7d-bc18-99eaac074b03.html,group,,,,price,,50.00
train.3c8d5d54-e52e-4b7d-bc18-99eaac074b03.html,group,,3,FP
train.3c8d5d54-e52e-4b7d-bc18-99eaac074b03.html,group,,,,product,,tOO 320GB 320GB SATA Hard Onve
train.3c8d5d54-e52e-4b7d-bc18-99eaac074b03.html,group,,,,price,,79.00
train.431358d6-41f4-44e4-adc0-8dfaf8df0804.html,group,,2,"FP,FN"
train.431358d6-41f4-44e4-adc0-8dfaf8df0804.html,group,,,,product,Client overpayment / Refund,Client overpayment / Refund
train.431358d6-41f4-44e4-adc0-8dfaf8df0804.html,group,,,,price,-100.00,
train.431358d6-41f4-44e4-adc0-8dfaf8df0804.html,group,,0,FP
train.431358d6-41f4-44e4-adc0-8dfaf8df0804.html,group,,,,product,,Professional Services
train.431358d6-41f4-44e4-adc0-8dfaf8df0804.html,group,,,,price,,100.00
train.431358d6-41f4-44e4-adc0-8dfaf8df0804.html,group,,1,FP
train.431358d6-41f4-44e4-adc0-8dfaf8df0804.html,group,,,,price,,100.00
train.51c216af-61f6-41a5-ad8b-863cbfbf1eec.html,group,,3,TP
train.51c216af-61f6-41a5-ad8b-863cbfbf1eec.html,group,,,,product,This is product number 2.,This is product number 2.
train.51c216af-61f6-41a5-ad8b-863cbfbf1eec.html,group,,,,quantity,1.00,1.00
train.51c216af-61f6-41a5-ad8b-863cbfbf1eec.html,group,,,,price,10.00,10.00
train.51c216af-61f6-41a5-ad8b-863cbfbf1eec.html,group,,2,FP
train.51c216af-61f6-41a5-ad8b-863cbfbf1eec.html,group,,,,quantity,,5.00
train.51c216af-61f6-41a5-ad8b-863cbfbf1eec.html,group,,,,price,,10.00
train.51c216af-61f6-41a5-ad8b-863cbfbf1eec.html,group,,0,FP
train.51c216af-61f6-41a5-ad8b-863cbfbf1eec.html,group,,,,product,,This is a sample product
train.51c216af-61f6-41a5-ad8b-863cbfbf1eec.html,group,,,,quantity,,1.00
train.51c216af-61f6-41a5-ad8b-863cbfbf1eec.html,group,,,,price,,100.00
train.51c216af-61f6-41a5-ad8b-863cbfbf1eec.html,group,,1,FP
train.51c216af-61f6-41a5-ad8b-863cbfbf1eec.html,group,,,,quantity,,1.00
train.51c216af-61f6-41a5-ad8b-863cbfbf1eec.html,group,,,,price,,10.00
train.711a9524-10a1-4882-88a6-f5716011df67.html,group,,1,TP
train.711a9524-10a1-4882-88a6-f5716011df67.html,group,,,,product,Sonnco 1,Sonnco 1
train.711a9524-10a1-4882-88a6-f5716011df67.html,group,,,,quantity,1.00,1.00
train.711a9524-10a1-4882-88a6-f5716011df67.html,group,,,,price,100.00,100.00
train.711a9524-10a1-4882-88a6-f5716011df67.html,group,,0,FP
train.711a9524-10a1-4882-88a6-f5716011df67.html,group,,,,product,,Product 1
train.711a9524-10a1-4882-88a6-f5716011df67.html,group,,,,quantity,,10.00
train.711a9524-10a1-4882-88a6-f5716011df67.html,group,,,,price,,1000.00
train.77a39a56-6e64-432b-8efa-3b118698b08a.html,group,,3,TP
train.77a39a56-6e64-432b-8efa-3b118698b08a.html,group,,,,product,Boys Shirt Medium Size Red Color,Boys Shirt Medium Size Red Color
train.77a39a56-6e64-432b-8efa-3b118698b08a.html,group,,,,quantity,2.00,2.00
train.77a39a56-6e64-432b-8efa-3b118698b08a.html,group,,,,price,9.00,9.00
train.77a39a56-6e64-432b-8efa-3b118698b08a.html,group,,1,FP
train.77a39a56-6e64-432b-8efa-3b118698b08a.html,group,,,,product,,Boys Shirt Small Size Orange Color
train.77a39a56-6e64-432b-8efa-3b118698b08a.html,group,,,,quantity,,10.00
train.77a39a56-6e64-432b-8efa-3b118698b08a.html,group,,,,price,,16.00
train.77a39a56-6e64-432b-8efa-3b118698b08a.html,group,,0,FP
train.77a39a56-6e64-432b-8efa-3b118698b08a.html,group,,,,product,,Boys Shirt Small Size Orange Color
train.77a39a56-6e64-432b-8efa-3b118698b08a.html,group,,,,quantity,,5.00
train.77a39a56-6e64-432b-8efa-3b118698b08a.html,group,,,,price,,16.00
train.77a39a56-6e64-432b-8efa-3b118698b08a.html,group,,2,FP
train.77a39a56-6e64-432b-8efa-3b118698b08a.html,group,,,,product,,Men Shirt Medium Size Yellow Color
train.77a39a56-6e64-432b-8efa-3b118698b08a.html,group,,,,quantity,,5.00
train.77a39a56-6e64-432b-8efa-3b118698b08a.html,group,,,,price,,18.00
train.7d3277ce-4274-46e3-9770-6b62c6fca9a6.html,group,,4,"FP,FN"
train.7d3277ce-4274-46e3-9770-6b62c6fca9a6.html,group,,,,product,Invoices plugin,
train.7d3277ce-4274-46e3-9770-6b62c6fca9a6.html,group,,,,quantity,1.00,1.00
train.7d3277ce-4274-46e3-9770-6b62c6fca9a6.html,group,,,,price,156.00,156.00
train.7d3277ce-4274-46e3-9770-6b62c6fca9a6.html,group,,1,FP
train.7d3277ce-4274-46e3-9770-6b62c6fca9a6.html,group,,,,price,,156.00
train.7d3277ce-4274-46e3-9770-6b62c6fca9a6.html,group,,0,FP
train.7d3277ce-4274-46e3-9770-6b62c6fca9a6.html,group,,,,product,,Public access for support tickets
train.7d3277ce-4274-46e3-9770-6b62c6fca9a6.html,group,,,,price,,20.00
train.7d3277ce-4274-46e3-9770-6b62c6fca9a6.html,group,,3,FP
train.7d3277ce-4274-46e3-9770-6b62c6fca9a6.html,group,,,,price,,99.00
train.7d3277ce-4274-46e3-9770-6b62c6fca9a6.html,group,,2,FP
train.7d3277ce-4274-46e3-9770-6b62c6fca9a6.html,group,,,,price,,105.00
train.7f5cd49b-808e-4d14-a012-d49718d012fb.html,group,,,FN
train.7f5cd49b-808e-4d14-a012-d49718d012fb.html,group,,,,product,Pencils,
train.7f5cd49b-808e-4d14-a012-d49718d012fb.html,group,,,,quantity,1500.00,
train.7f5cd49b-808e-4d14-a012-d49718d012fb.html,group,,,,price,3.00,
train.80aa8554-9984-4d73-b15a-74edb41a9924.html,group,,0,FP
train.80aa8554-9984-4d73-b15a-74edb41a9924.html,group,,,,quantity,,9.50
train.831fcf7a-bbff-4db9-b276-71e16680159f.html,group,,1,"FP,FN"
train.831fcf7a-bbff-4db9-b276-71e16680159f.html,group,,,,product,ceiingpare,
train.831fcf7a-bbff-4db9-b276-71e16680159f.html,group,,,,quantity,6.00,6.00
train.831fcf7a-bbff-4db9-b276-71e16680159f.html,group,,,,price,566.03,3.00
train.831fcf7a-bbff-4db9-b276-71e16680159f.html,group,,0,FP
train.831fcf7a-bbff-4db9-b276-71e16680159f.html,group,,,,quantity,,10.00
train.831fcf7a-bbff-4db9-b276-71e16680159f.html,group,,,,price,,57803.00
train.86fbcb18-3662-4bd8-b825-be98789489d6.html,group,,0,TP
train.86fbcb18-3662-4bd8-b825-be98789489d6.html,group,,,,product,"Printed Chiffon Dress - Size : S, Color : Yellow","Printed Chiffon Dress - Size : S, Color : Yellow"
train.86fbcb18-3662-4bd8-b825-be98789489d6.html,group,,,,quantity,1.00,1.00
train.86fbcb18-3662-4bd8-b825-be98789489d6.html,group,,,,price,16.40,16.40
train.87f5f765-c468-4976-b6f8-67cdf82943db.html,group,,0,"FP,FN"
train.87f5f765-c468-4976-b6f8-67cdf82943db.html,group,,,,product,300-word post with 2 links to Sophie’s Candles,
train.87f5f765-c468-4976-b6f8-67cdf82943db.html,group,,,,quantity,1.00,1.00
train.87f5f765-c468-4976-b6f8-67cdf82943db.html,group,,,,price,6000160.00,
train.89ced693-f220-4d7c-84b3-29b29a7a32c8.html,group,,1,TP
train.89ced693-f220-4d7c-84b3-29b29a7a32c8.html,group,,,,product,Labor - Example labor item. Quantity is number of hours spert. price is hourly rate. Quantity accepts decimal values.,Labor - Example labor item. Quantity is number of hours spert. price is hourly rate. Quantity accepts decimal values.
train.89ced693-f220-4d7c-84b3-29b29a7a32c8.html,group,,,,quantity,1.50,1.50
train.89ced693-f220-4d7c-84b3-29b29a7a32c8.html,group,,,,price,100.00,100.00
train.89ced693-f220-4d7c-84b3-29b29a7a32c8.html,group,,0,FP
train.89ced693-f220-4d7c-84b3-29b29a7a32c8.html,group,,,,product,,Test Import Name - Description Goes Here
train.89ced693-f220-4d7c-84b3-29b29a7a32c8.html,group,,,,quantity,,1.00
train.89ced693-f220-4d7c-84b3-29b29a7a32c8.html,group,,,,price,,10.00
train.8ab89c92-13ee-4481-88c4-0020984a3985.html,group,,2,TP
train.8ab89c92-13ee-4481-88c4-0020984a3985.html,group,,,,product,Service activation for the PT8200,Service activation for the PT8200
train.8ab89c92-13ee-4481-88c4-0020984a3985.html,group,,,,quantity,1.00,1.00
train.8ab89c92-13ee-4481-88c4-0020984a3985.html,group,,,,price,69.95,69.95
train.8ab89c92-13ee-4481-88c4-0020984a3985.html,group,,1,FP
train.8ab89c92-13ee-4481-88c4-0020984a3985.html,group,,,,product,,750 locates per month subscription UP
train.8ab89c92-13ee-4481-88c4-0020984a3985.html,group,,,,quantity,,1.00
train.8ab89c92-13ee-4481-88c4-0020984a3985.html,group,,,,price,,49.95
train.8ab89c92-13ee-4481-88c4-0020984a3985.html,group,,0,FP
train.8ab89c92-13ee-4481-88c4-0020984a3985.html,group,,,,product,,Mobile Alarm GPS Locator
train.8ab89c92-13ee-4481-88c4-0020984a3985.html,group,,,,quantity,,1.00
train.8ab89c92-13ee-4481-88c4-0020984a3985.html,group,,,,price,,499.95
train.8c387c86-d956-4ba6-b46a-53f9da109826.html,group,,4,"FP,FN"
train.8c387c86-d956-4ba6-b46a-53f9da109826.html,group,,,,product,Motorola V3 Razr Black,Motorola V3 Razr Black
train.8c387c86-d956-4ba6-b46a-53f9da109826.html,group,,,,quantity,10.00,
train.8c387c86-d956-4ba6-b46a-53f9da109826.html,group,,,,price,500.00,0.00
train.8c387c86-d956-4ba6-b46a-53f9da109826.html,group,,3,FP
train.8c387c86-d956-4ba6-b46a-53f9da109826.html,group,,,,product,,Itisa service
train.8c387c86-d956-4ba6-b46a-53f9da109826.html,group,,,,price,,255.52
train.8c387c86-d956-4ba6-b46a-53f9da109826.html,group,,1,FP
train.8c387c86-d956-4ba6-b46a-53f9da109826.html,group,,,,product,,Nokia 3220
train.8c387c86-d956-4ba6-b46a-53f9da109826.html,group,,,,price,,199.99
train.8c387c86-d956-4ba6-b46a-53f9da109826.html,group,,0,FP
train.8c387c86-d956-4ba6-b46a-53f9da109826.html,group,,,,product,,Motorola E815
train.8c387c86-d956-4ba6-b46a-53f9da109826.html,group,,,,price,,0.00
train.8c387c86-d956-4ba6-b46a-53f9da109826.html,group,,2,FP
train.8c387c86-d956-4ba6-b46a-53f9da109826.html,group,,,,product,,Non-taxable item
train.8c387c86-d956-4ba6-b46a-53f9da109826.html,group,,,,price,,0.00
train.911dfa46-805b-4bde-8299-813a71fc4077.html,group,,,FN
train.911dfa46-805b-4bde-8299-813a71fc4077.html,group,,,,quantity,529.00,
train.911dfa46-805b-4bde-8299-813a71fc4077.html,group,,,,price,9.00,
train.971b5ecd-5185-464a-b5a4-f8848915063c.html,group,,,FN
train.971b5ecd-5185-464a-b5a4-f8848915063c.html,group,,,,product,2” Nails,
train.971b5ecd-5185-464a-b5a4-f8848915063c.html,group,,,,quantity,560.00,
train.971b5ecd-5185-464a-b5a4-f8848915063c.html,group,,,,price,0.25,
train.9b88cee1-cd1c-45c0-a7d8-acde26365423.html,group,,0,"FP,FN"
train.9b88cee1-cd1c-45c0-a7d8-acde26365423.html,group,,,,product,Testing Basic cross browser testing and php testing performed.,
train.9b88cee1-cd1c-45c0-a7d8-acde26365423.html,group,,,,quantity,2.00,15.00
train.9b88cee1-cd1c-45c0-a7d8-acde26365423.html,group,,,,price,75.00,75.00
train.9b88cee1-cd1c-45c0-a7d8-acde26365423.html,group,,2,FP
train.9b88cee1-cd1c-45c0-a7d8-acde26365423.html,group,,,,quantity,,2.00
train.9b88cee1-cd1c-45c0-a7d8-acde26365423.html,group,,1,FP
train.9b88cee1-cd1c-45c0-a7d8-acde26365423.html,group,,,,quantity,,15.00
train.9b88cee1-cd1c-45c0-a7d8-acde26365423.html,group,,,,price,,75.00
train.a3ca3ecb-8181-4c16-bcfc-303c8aa3af2e.html,group,,1,TP
train.a3ca3ecb-8181-4c16-bcfc-303c8aa3af2e.html,group,,,,product,Item Two - Window cleaning,Item Two - Window cleaning
train.a3ca3ecb-8181-4c16-bcfc-303c8aa3af2e.html,group,,,,quantity,1.00,1.00
train.a3ca3ecb-8181-4c16-bcfc-303c8aa3af2e.html,group,,,,price,125.75,125.75
train.a3ca3ecb-8181-4c16-bcfc-303c8aa3af2e.html,group,,0,FP
train.a3ca3ecb-8181-4c16-bcfc-303c8aa3af2e.html,group,,,,product,,Item One - Commercial Cleaning Service
train.a3ca3ecb-8181-4c16-bcfc-303c8aa3af2e.html,group,,,,quantity,,1.00
train.a3ca3ecb-8181-4c16-bcfc-303c8aa3af2e.html,group,,,,price,,468.50
train.a437a0e6-44aa-4aaa-86d2-62784b1d3a56.html,group,,,FN
train.a437a0e6-44aa-4aaa-86d2-62784b1d3a56.html,group,,,,product,Print,
train.a437a0e6-44aa-4aaa-86d2-62784b1d3a56.html,group,,,,quantity,1.00,
train.a437a0e6-44aa-4aaa-86d2-62784b1d3a56.html,group,,,,price,347.22,
train.bbc317f2-04ab-4464-aa81-9ec73b4e4be3.html,group,,0,TP
train.bbc317f2-04ab-4464-aa81-9ec73b4e4be3.html,group,,,,product,web hosting for the 4th quarter of 2007 - $10 per month,web hosting for the 4th quarter of 2007 - $10 per month
train.bbc317f2-04ab-4464-aa81-9ec73b4e4be3.html,group,,,,price,30.00,30.00
train.be2a1074-908b-44f1-b66c-8ffcc28bfc03.html,group,,1,TP
train.be2a1074-908b-44f1-b66c-8ffcc28bfc03.html,group,,,,product,WordPress Installation,WordPress Installation
train.be2a1074-908b-44f1-b66c-8ffcc28bfc03.html,group,,,,quantity,1.00,1.00
train.be2a1074-908b-44f1-b66c-8ffcc28bfc03.html,group,,,,price,80.00,80.00
train.be2a1074-908b-44f1-b66c-8ffcc28bfc03.html,group,,0,FP
train.be2a1074-908b-44f1-b66c-8ffcc28bfc03.html,group,,,,quantity,,1.00
train.c1e44c88-6b2d-420c-9728-f73955467774.html,group,,4,"FP,FN"
train.c1e44c88-6b2d-420c-9728-f73955467774.html,group,,,,product,Cloud Slider - Order Page,Cloud Slider - Order Page
train.c1e44c88-6b2d-420c-9728-f73955467774.html,group,,,,quantity,2.00,2.00
train.c1e44c88-6b2d-420c-9728-f73955467774.html,group,,,,price,199.90,399.80
train.c1e44c88-6b2d-420c-9728-f73955467774.html,group,,2,FP
train.c1e44c88-6b2d-420c-9728-f73955467774.html,group,,,,product,,500 GB Dedicated Disk Space
train.c1e44c88-6b2d-420c-9728-f73955467774.html,group,,,,quantity,,2.00
train.c1e44c88-6b2d-420c-9728-f73955467774.html,group,,,,price,,108.00
train.c1e44c88-6b2d-420c-9728-f73955467774.html,group,,1,FP
train.c1e44c88-6b2d-420c-9728-f73955467774.html,group,,,,product,,2GB Dedicated RAM
train.c1e44c88-6b2d-420c-9728-f73955467774.html,group,,,,quantity,,4.00
train.c1e44c88-6b2d-420c-9728-f73955467774.html,group,,,,price,,300.00
train.c1e44c88-6b2d-420c-9728-f73955467774.html,group,,3,FP
train.c1e44c88-6b2d-420c-9728-f73955467774.html,group,,,,product,,Control Panel module
train.c1e44c88-6b2d-420c-9728-f73955467774.html,group,,,,quantity,,5.00
train.c1e44c88-6b2d-420c-9728-f73955467774.html,group,,0,FP
train.c1e44c88-6b2d-420c-9728-f73955467774.html,group,,,,product,,Shared Hosting
train.c1e44c88-6b2d-420c-9728-f73955467774.html,group,,,,quantity,,1.00
train.c60f7299-38d0-477a-8948-56bcf0f2f38d.html,group,,0,TP
train.c60f7299-38d0-477a-8948-56bcf0f2f38d.html,group,,,,product,Verbling Language Lessons,Verbling Language Lessons
train.c60f7299-38d0-477a-8948-56bcf0f2f38d.html,group,,,,price,6.00,6.00
train.c92d9942-d9bf-4a9b-8dd6-d65107398ace.html,group,,1,"FP,FN"
train.c92d9942-d9bf-4a9b-8dd6-d65107398ace.html,group,,,,product,Service 1,Service 1
train.c92d9942-d9bf-4a9b-8dd6-d65107398ace.html,group,,,,quantity,1.00,1.00
train.c92d9942-d9bf-4a9b-8dd6-d65107398ace.html,group,,,,price,1000.00,
train.c92d9942-d9bf-4a9b-8dd6-d65107398ace.html,group,,0,FP
train.c92d9942-d9bf-4a9b-8dd6-d65107398ace.html,group,,,,product,,Product 1
train.c92d9942-d9bf-4a9b-8dd6-d65107398ace.html,group,,,,quantity,,10.00
train.c92d9942-d9bf-4a9b-8dd6-d65107398ace.html,group,,,,price,,100.00
